name,label
T-Shirt_1,T-Shirt
T-Shirt_2,T-Shirt
T-Shirt_3,T-Shirt
T-Shirt_4,T-Shirt
T-Shirt_5,T-Shirt
T-Shirt_6,T-Shirt
T-Shirt_7,T-Shirt
T-Shirt_8,T-Shirt
T-Shirt_9,T-Shirt
T-Shirt_10,T-Shirt
T-Shirt_11,T-Shirt
T-Shirt_12,T-Shirt
T-Shirt_13,T-Shirt
T-Shirt_14,T-Shirt
T-Shirt_15,T-Shirt
T-Shirt_16,T-Shirt
T-Shirt_17,T-Shirt
T-Shirt_18,T-Shirt
T-Shirt_19,T-Shirt
T-Shirt_20,T-Shirt
T-Shirt_21,T-Shirt
T-Shirt_22,T-Shirt
T-Shirt_23,T-Shirt
T-Shirt_24,T-Shirt
T-Shirt_25,T-Shirt
T-Shirt_26,T-Shirt
T-Shirt_27,T-Shirt
T-Shirt_28,T-Shirt
T-Shirt_29,T-Shirt
T-Shirt_30,T-Shirt
T-Shirt_31,T-Shirt
T-Shirt_32,T-Shirt
T-Shirt_33,T-Shirt
T-Shirt_34,T-Shirt
T-Shirt_35,T-Shirt
T-Shirt_36,T-Shirt
T-Shirt_37,T-Shirt
T-Shirt_38,T-Shirt
T-Shirt_39,T-Shirt
T-Shirt_40,T-Shirt
T-Shirt_41,T-Shirt
T-Shirt_42,T-Shirt
T-Shirt_43,T-Shirt
T-Shirt_44,T-Shirt
T-Shirt_45,T-Shirt
T-Shirt_46,T-Shirt
T-Shirt_47,T-Shirt
T-Shirt_48,T-Shirt
T-Shirt_49,T-Shirt
T-Shirt_50,T-Shirt
T-Shirt_51,T-Shirt
T-Shirt_52,T-Shirt
T-Shirt_53,T-Shirt
T-Shirt_54,T-Shirt
T-Shirt_55,T-Shirt
T-Shirt_56,T-Shirt
T-Shirt_57,T-Shirt
T-Shirt_58,T-Shirt
T-Shirt_59,T-Shirt
T-Shirt_60,T-Shirt
T-Shirt_61,T-Shirt
T-Shirt_62,T-Shirt
T-Shirt_63,T-Shirt
T-Shirt_64,T-Shirt
T-Shirt_65,T-Shirt
T-Shirt_66,T-Shirt
T-Shirt_67,T-Shirt
T-Shirt_68,T-Shirt
T-Shirt_69,T-Shirt
T-Shirt_70,T-Shirt
T-Shirt_71,T-Shirt
T-Shirt_72,T-Shirt
T-Shirt_73,T-Shirt
T-Shirt_74,T-Shirt
T-Shirt_75,T-Shirt
T-Shirt_76,T-Shirt
T-Shirt_77,T-Shirt
T-Shirt_78,T-Shirt
T-Shirt_79,T-Shirt
T-Shirt_80,T-Shirt
T-Shirt_81,T-Shirt
T-Shirt_82,T-Shirt
T-Shirt_83,T-Shirt
T-Shirt_84,T-Shirt
T-Shirt_85,T-Shirt
T-Shirt_86,T-Shirt
T-Shirt_87,T-Shirt
T-Shirt_88,T-Shirt
T-Shirt_89,T-Shirt
T-Shirt_90,T-Shirt
T-Shirt_91,T-Shirt
T-Shirt_92,T-Shirt
T-Shirt_93,T-Shirt
T-Shirt_94,T-Shirt
T-Shirt_95,T-Shirt
T-Shirt_96,T-Shirt
T-Shirt_97,T-Shirt
T-Shirt_98,T-Shirt
T-Shirt_99,T-Shirt
T-Shirt_100,T-Shirt
T-Shirt_101,T-Shirt
T-Shirt_102,T-Shirt
T-Shirt_103,T-Shirt
T-Shirt_104,T-Shirt
T-Shirt_105,T-Shirt
T-Shirt_106,T-Shirt
T-Shirt_107,T-Shirt
T-Shirt_108,T-Shirt
T-Shirt_109,T-Shirt
T-Shirt_110,T-Shirt
T-Shirt_111,T-Shirt
T-Shirt_112,T-Shirt
T-Shirt_113,T-Shirt
T-Shirt_114,T-Shirt
T-Shirt_115,T-Shirt
T-Shirt_116,T-Shirt
T-Shirt_117,T-Shirt
T-Shirt_118,T-Shirt
T-Shirt_119,T-Shirt
T-Shirt_120,T-Shirt
T-Shirt_121,T-Shirt
T-Shirt_122,T-Shirt
T-Shirt_123,T-Shirt
T-Shirt_124,T-Shirt
T-Shirt_125,T-Shirt
T-Shirt_126,T-Shirt
T-Shirt_127,T-Shirt
T-Shirt_128,T-Shirt
T-Shirt_129,T-Shirt
T-Shirt_130,T-Shirt
T-Shirt_131,T-Shirt
T-Shirt_132,T-Shirt
T-Shirt_133,T-Shirt
T-Shirt_134,T-Shirt
T-Shirt_135,T-Shirt
T-Shirt_136,T-Shirt
T-Shirt_137,T-Shirt
T-Shirt_138,T-Shirt
T-Shirt_139,T-Shirt
T-Shirt_140,T-Shirt
T-Shirt_141,T-Shirt
T-Shirt_142,T-Shirt
T-Shirt_143,T-Shirt
T-Shirt_144,T-Shirt
T-Shirt_145,T-Shirt
T-Shirt_146,T-Shirt
T-Shirt_147,T-Shirt
T-Shirt_148,T-Shirt
T-Shirt_149,T-Shirt
T-Shirt_150,T-Shirt
T-Shirt_151,T-Shirt
T-Shirt_152,T-Shirt
T-Shirt_153,T-Shirt
T-Shirt_154,T-Shirt
T-Shirt_155,T-Shirt
T-Shirt_156,T-Shirt
T-Shirt_157,T-Shirt
T-Shirt_158,T-Shirt
T-Shirt_159,T-Shirt
T-Shirt_160,T-Shirt
T-Shirt_161,T-Shirt
T-Shirt_162,T-Shirt
T-Shirt_163,T-Shirt
T-Shirt_164,T-Shirt
T-Shirt_165,T-Shirt
T-Shirt_166,T-Shirt
T-Shirt_167,T-Shirt
T-Shirt_168,T-Shirt
T-Shirt_169,T-Shirt
T-Shirt_170,T-Shirt
T-Shirt_171,T-Shirt
T-Shirt_172,T-Shirt
T-Shirt_173,T-Shirt
T-Shirt_174,T-Shirt
T-Shirt_175,T-Shirt
T-Shirt_176,T-Shirt
T-Shirt_177,T-Shirt
T-Shirt_178,T-Shirt
T-Shirt_179,T-Shirt
T-Shirt_180,T-Shirt
T-Shirt_181,T-Shirt
T-Shirt_182,T-Shirt
T-Shirt_183,T-Shirt
T-Shirt_184,T-Shirt
T-Shirt_185,T-Shirt
T-Shirt_186,T-Shirt
T-Shirt_187,T-Shirt
T-Shirt_188,T-Shirt
T-Shirt_189,T-Shirt
T-Shirt_190,T-Shirt
T-Shirt_191,T-Shirt
T-Shirt_192,T-Shirt
T-Shirt_193,T-Shirt
T-Shirt_194,T-Shirt
T-Shirt_195,T-Shirt
T-Shirt_196,T-Shirt
T-Shirt_197,T-Shirt
T-Shirt_198,T-Shirt
T-Shirt_199,T-Shirt
T-Shirt_200,T-Shirt
T-Shirt_201,T-Shirt
T-Shirt_202,T-Shirt
T-Shirt_203,T-Shirt
T-Shirt_204,T-Shirt
T-Shirt_205,T-Shirt
T-Shirt_206,T-Shirt
T-Shirt_207,T-Shirt
T-Shirt_208,T-Shirt
T-Shirt_209,T-Shirt
T-Shirt_210,T-Shirt
T-Shirt_211,T-Shirt
T-Shirt_212,T-Shirt
T-Shirt_213,T-Shirt
T-Shirt_214,T-Shirt
T-Shirt_215,T-Shirt
T-Shirt_216,T-Shirt
T-Shirt_217,T-Shirt
T-Shirt_218,T-Shirt
T-Shirt_219,T-Shirt
T-Shirt_220,T-Shirt
T-Shirt_221,T-Shirt
T-Shirt_222,T-Shirt
T-Shirt_223,T-Shirt
T-Shirt_224,T-Shirt
T-Shirt_225,T-Shirt
T-Shirt_226,T-Shirt
T-Shirt_227,T-Shirt
T-Shirt_228,T-Shirt
T-Shirt_229,T-Shirt
T-Shirt_230,T-Shirt
T-Shirt_231,T-Shirt
T-Shirt_232,T-Shirt
T-Shirt_233,T-Shirt
T-Shirt_234,T-Shirt
T-Shirt_235,T-Shirt
T-Shirt_236,T-Shirt
T-Shirt_237,T-Shirt
T-Shirt_238,T-Shirt
T-Shirt_239,T-Shirt
T-Shirt_240,T-Shirt
T-Shirt_241,T-Shirt
T-Shirt_242,T-Shirt
T-Shirt_243,T-Shirt
T-Shirt_244,T-Shirt
T-Shirt_245,T-Shirt
T-Shirt_246,T-Shirt
T-Shirt_247,T-Shirt
T-Shirt_248,T-Shirt
T-Shirt_249,T-Shirt
T-Shirt_250,T-Shirt
T-Shirt_251,T-Shirt
T-Shirt_252,T-Shirt
T-Shirt_253,T-Shirt
T-Shirt_254,T-Shirt
T-Shirt_255,T-Shirt
T-Shirt_256,T-Shirt
T-Shirt_257,T-Shirt
T-Shirt_258,T-Shirt
T-Shirt_259,T-Shirt
T-Shirt_260,T-Shirt
T-Shirt_261,T-Shirt
T-Shirt_262,T-Shirt
T-Shirt_263,T-Shirt
T-Shirt_264,T-Shirt
T-Shirt_265,T-Shirt
T-Shirt_266,T-Shirt
T-Shirt_267,T-Shirt
T-Shirt_268,T-Shirt
T-Shirt_269,T-Shirt
T-Shirt_270,T-Shirt
T-Shirt_271,T-Shirt
T-Shirt_272,T-Shirt
T-Shirt_273,T-Shirt
T-Shirt_274,T-Shirt
T-Shirt_275,T-Shirt
T-Shirt_276,T-Shirt
T-Shirt_277,T-Shirt
T-Shirt_278,T-Shirt
T-Shirt_279,T-Shirt
T-Shirt_280,T-Shirt
T-Shirt_281,T-Shirt
T-Shirt_282,T-Shirt
T-Shirt_283,T-Shirt
T-Shirt_284,T-Shirt
T-Shirt_285,T-Shirt
T-Shirt_286,T-Shirt
T-Shirt_287,T-Shirt
T-Shirt_288,T-Shirt
T-Shirt_289,T-Shirt
T-Shirt_290,T-Shirt
T-Shirt_291,T-Shirt
T-Shirt_292,T-Shirt
T-Shirt_293,T-Shirt
T-Shirt_294,T-Shirt
T-Shirt_295,T-Shirt
T-Shirt_296,T-Shirt
T-Shirt_297,T-Shirt
T-Shirt_298,T-Shirt
T-Shirt_299,T-Shirt
T-Shirt_300,T-Shirt
T-Shirt_301,T-Shirt
T-Shirt_302,T-Shirt
T-Shirt_303,T-Shirt
T-Shirt_304,T-Shirt
T-Shirt_305,T-Shirt
T-Shirt_306,T-Shirt
T-Shirt_307,T-Shirt
T-Shirt_308,T-Shirt
T-Shirt_309,T-Shirt
T-Shirt_310,T-Shirt
T-Shirt_311,T-Shirt
T-Shirt_312,T-Shirt
T-Shirt_313,T-Shirt
T-Shirt_314,T-Shirt
T-Shirt_315,T-Shirt
T-Shirt_316,T-Shirt
T-Shirt_317,T-Shirt
T-Shirt_318,T-Shirt
T-Shirt_319,T-Shirt
T-Shirt_320,T-Shirt
T-Shirt_321,T-Shirt
T-Shirt_322,T-Shirt
T-Shirt_323,T-Shirt
T-Shirt_324,T-Shirt
T-Shirt_325,T-Shirt
T-Shirt_326,T-Shirt
T-Shirt_327,T-Shirt
T-Shirt_328,T-Shirt
T-Shirt_329,T-Shirt
T-Shirt_330,T-Shirt
T-Shirt_331,T-Shirt
T-Shirt_332,T-Shirt
T-Shirt_333,T-Shirt
T-Shirt_334,T-Shirt
T-Shirt_335,T-Shirt
T-Shirt_336,T-Shirt
T-Shirt_337,T-Shirt
T-Shirt_338,T-Shirt
T-Shirt_339,T-Shirt
T-Shirt_340,T-Shirt
T-Shirt_341,T-Shirt
T-Shirt_342,T-Shirt
T-Shirt_343,T-Shirt
T-Shirt_344,T-Shirt
T-Shirt_345,T-Shirt
T-Shirt_346,T-Shirt
T-Shirt_347,T-Shirt
T-Shirt_348,T-Shirt
T-Shirt_349,T-Shirt
T-Shirt_350,T-Shirt
T-Shirt_351,T-Shirt
T-Shirt_352,T-Shirt
T-Shirt_353,T-Shirt
T-Shirt_354,T-Shirt
T-Shirt_355,T-Shirt
T-Shirt_356,T-Shirt
T-Shirt_357,T-Shirt
T-Shirt_358,T-Shirt
T-Shirt_359,T-Shirt
T-Shirt_360,T-Shirt
T-Shirt_361,T-Shirt
T-Shirt_362,T-Shirt
T-Shirt_363,T-Shirt
T-Shirt_364,T-Shirt
T-Shirt_365,T-Shirt
T-Shirt_366,T-Shirt
T-Shirt_367,T-Shirt
T-Shirt_368,T-Shirt
T-Shirt_369,T-Shirt
T-Shirt_370,T-Shirt
T-Shirt_371,T-Shirt
T-Shirt_372,T-Shirt
T-Shirt_373,T-Shirt
T-Shirt_374,T-Shirt
T-Shirt_375,T-Shirt
T-Shirt_376,T-Shirt
T-Shirt_377,T-Shirt
T-Shirt_378,T-Shirt
T-Shirt_379,T-Shirt
T-Shirt_380,T-Shirt
T-Shirt_381,T-Shirt
T-Shirt_382,T-Shirt
T-Shirt_383,T-Shirt
T-Shirt_384,T-Shirt
T-Shirt_385,T-Shirt
T-Shirt_386,T-Shirt
T-Shirt_387,T-Shirt
T-Shirt_388,T-Shirt
T-Shirt_389,T-Shirt
T-Shirt_390,T-Shirt
T-Shirt_391,T-Shirt
T-Shirt_392,T-Shirt
T-Shirt_393,T-Shirt
T-Shirt_394,T-Shirt
T-Shirt_395,T-Shirt
T-Shirt_396,T-Shirt
T-Shirt_397,T-Shirt
T-Shirt_398,T-Shirt
T-Shirt_399,T-Shirt
T-Shirt_400,T-Shirt
T-Shirt_401,T-Shirt
T-Shirt_402,T-Shirt
T-Shirt_403,T-Shirt
T-Shirt_404,T-Shirt
T-Shirt_405,T-Shirt
T-Shirt_406,T-Shirt
T-Shirt_407,T-Shirt
T-Shirt_408,T-Shirt
T-Shirt_409,T-Shirt
T-Shirt_410,T-Shirt
T-Shirt_411,T-Shirt
T-Shirt_412,T-Shirt
T-Shirt_413,T-Shirt
T-Shirt_414,T-Shirt
T-Shirt_415,T-Shirt
T-Shirt_416,T-Shirt
T-Shirt_417,T-Shirt
T-Shirt_418,T-Shirt
T-Shirt_419,T-Shirt
T-Shirt_420,T-Shirt
T-Shirt_421,T-Shirt
T-Shirt_422,T-Shirt
T-Shirt_423,T-Shirt
T-Shirt_424,T-Shirt
T-Shirt_425,T-Shirt
T-Shirt_426,T-Shirt
T-Shirt_427,T-Shirt
T-Shirt_428,T-Shirt
T-Shirt_429,T-Shirt
T-Shirt_430,T-Shirt
T-Shirt_431,T-Shirt
T-Shirt_432,T-Shirt
T-Shirt_433,T-Shirt
T-Shirt_434,T-Shirt
T-Shirt_435,T-Shirt
T-Shirt_436,T-Shirt
T-Shirt_437,T-Shirt
T-Shirt_438,T-Shirt
T-Shirt_439,T-Shirt
T-Shirt_440,T-Shirt
T-Shirt_441,T-Shirt
T-Shirt_442,T-Shirt
T-Shirt_443,T-Shirt
T-Shirt_444,T-Shirt
T-Shirt_445,T-Shirt
T-Shirt_446,T-Shirt
T-Shirt_447,T-Shirt
T-Shirt_448,T-Shirt
T-Shirt_449,T-Shirt
T-Shirt_450,T-Shirt
T-Shirt_451,T-Shirt
T-Shirt_452,T-Shirt
T-Shirt_453,T-Shirt
T-Shirt_454,T-Shirt
T-Shirt_455,T-Shirt
T-Shirt_456,T-Shirt
T-Shirt_457,T-Shirt
T-Shirt_458,T-Shirt
T-Shirt_459,T-Shirt
T-Shirt_460,T-Shirt
T-Shirt_461,T-Shirt
T-Shirt_462,T-Shirt
T-Shirt_463,T-Shirt
T-Shirt_464,T-Shirt
T-Shirt_465,T-Shirt
T-Shirt_466,T-Shirt
T-Shirt_467,T-Shirt
T-Shirt_468,T-Shirt
T-Shirt_469,T-Shirt
T-Shirt_470,T-Shirt
T-Shirt_471,T-Shirt
T-Shirt_472,T-Shirt
T-Shirt_473,T-Shirt
T-Shirt_474,T-Shirt
T-Shirt_475,T-Shirt
T-Shirt_476,T-Shirt
T-Shirt_477,T-Shirt
T-Shirt_478,T-Shirt
T-Shirt_479,T-Shirt
T-Shirt_480,T-Shirt
T-Shirt_481,T-Shirt
T-Shirt_482,T-Shirt
T-Shirt_483,T-Shirt
T-Shirt_484,T-Shirt
T-Shirt_485,T-Shirt
T-Shirt_486,T-Shirt
T-Shirt_487,T-Shirt
T-Shirt_488,T-Shirt
T-Shirt_489,T-Shirt
T-Shirt_490,T-Shirt
T-Shirt_491,T-Shirt
T-Shirt_492,T-Shirt
T-Shirt_493,T-Shirt
T-Shirt_494,T-Shirt
T-Shirt_495,T-Shirt
T-Shirt_496,T-Shirt
T-Shirt_497,T-Shirt
T-Shirt_498,T-Shirt
T-Shirt_499,T-Shirt
T-Shirt_500,T-Shirt
T-Shirt_501,T-Shirt
T-Shirt_502,T-Shirt
T-Shirt_503,T-Shirt
T-Shirt_504,T-Shirt
T-Shirt_505,T-Shirt
T-Shirt_506,T-Shirt
T-Shirt_507,T-Shirt
T-Shirt_508,T-Shirt
T-Shirt_509,T-Shirt
T-Shirt_510,T-Shirt
T-Shirt_511,T-Shirt
T-Shirt_512,T-Shirt
T-Shirt_513,T-Shirt
T-Shirt_514,T-Shirt
T-Shirt_515,T-Shirt
T-Shirt_516,T-Shirt
T-Shirt_517,T-Shirt
T-Shirt_518,T-Shirt
T-Shirt_519,T-Shirt
T-Shirt_520,T-Shirt
T-Shirt_521,T-Shirt
T-Shirt_522,T-Shirt
T-Shirt_523,T-Shirt
T-Shirt_524,T-Shirt
T-Shirt_525,T-Shirt
T-Shirt_526,T-Shirt
T-Shirt_527,T-Shirt
T-Shirt_528,T-Shirt
T-Shirt_529,T-Shirt
T-Shirt_530,T-Shirt
T-Shirt_531,T-Shirt
T-Shirt_532,T-Shirt
T-Shirt_533,T-Shirt
T-Shirt_534,T-Shirt
T-Shirt_535,T-Shirt
T-Shirt_536,T-Shirt
T-Shirt_537,T-Shirt
T-Shirt_538,T-Shirt
T-Shirt_539,T-Shirt
T-Shirt_540,T-Shirt
T-Shirt_541,T-Shirt
T-Shirt_542,T-Shirt
T-Shirt_543,T-Shirt
T-Shirt_544,T-Shirt
T-Shirt_545,T-Shirt
T-Shirt_546,T-Shirt
T-Shirt_547,T-Shirt
T-Shirt_548,T-Shirt
T-Shirt_549,T-Shirt
T-Shirt_550,T-Shirt
T-Shirt_551,T-Shirt
T-Shirt_552,T-Shirt
T-Shirt_553,T-Shirt
T-Shirt_554,T-Shirt
T-Shirt_555,T-Shirt
T-Shirt_556,T-Shirt
T-Shirt_557,T-Shirt
T-Shirt_558,T-Shirt
T-Shirt_559,T-Shirt
T-Shirt_560,T-Shirt
T-Shirt_561,T-Shirt
T-Shirt_562,T-Shirt
T-Shirt_563,T-Shirt
T-Shirt_564,T-Shirt
T-Shirt_565,T-Shirt
T-Shirt_566,T-Shirt
T-Shirt_567,T-Shirt
T-Shirt_568,T-Shirt
T-Shirt_569,T-Shirt
T-Shirt_570,T-Shirt
T-Shirt_571,T-Shirt
T-Shirt_572,T-Shirt
T-Shirt_573,T-Shirt
T-Shirt_574,T-Shirt
T-Shirt_575,T-Shirt
T-Shirt_576,T-Shirt
T-Shirt_577,T-Shirt
T-Shirt_578,T-Shirt
T-Shirt_579,T-Shirt
T-Shirt_580,T-Shirt
T-Shirt_581,T-Shirt
T-Shirt_582,T-Shirt
T-Shirt_583,T-Shirt
T-Shirt_584,T-Shirt
T-Shirt_585,T-Shirt
T-Shirt_586,T-Shirt
T-Shirt_587,T-Shirt
T-Shirt_588,T-Shirt
T-Shirt_589,T-Shirt
T-Shirt_590,T-Shirt
T-Shirt_591,T-Shirt
T-Shirt_592,T-Shirt
T-Shirt_593,T-Shirt
T-Shirt_594,T-Shirt
T-Shirt_595,T-Shirt
T-Shirt_596,T-Shirt
T-Shirt_597,T-Shirt
T-Shirt_598,T-Shirt
T-Shirt_599,T-Shirt
T-Shirt_600,T-Shirt
T-Shirt_601,T-Shirt
T-Shirt_602,T-Shirt
T-Shirt_603,T-Shirt
T-Shirt_604,T-Shirt
T-Shirt_605,T-Shirt
T-Shirt_606,T-Shirt
T-Shirt_607,T-Shirt
T-Shirt_608,T-Shirt
T-Shirt_609,T-Shirt
T-Shirt_610,T-Shirt
T-Shirt_611,T-Shirt
T-Shirt_612,T-Shirt
T-Shirt_613,T-Shirt
T-Shirt_614,T-Shirt
T-Shirt_615,T-Shirt
T-Shirt_616,T-Shirt
T-Shirt_617,T-Shirt
T-Shirt_618,T-Shirt
T-Shirt_619,T-Shirt
T-Shirt_620,T-Shirt
T-Shirt_621,T-Shirt
T-Shirt_622,T-Shirt
T-Shirt_623,T-Shirt
T-Shirt_624,T-Shirt
T-Shirt_625,T-Shirt
T-Shirt_626,T-Shirt
T-Shirt_627,T-Shirt
T-Shirt_628,T-Shirt
T-Shirt_629,T-Shirt
T-Shirt_630,T-Shirt
T-Shirt_631,T-Shirt
T-Shirt_632,T-Shirt
T-Shirt_633,T-Shirt
T-Shirt_634,T-Shirt
T-Shirt_635,T-Shirt
T-Shirt_636,T-Shirt
T-Shirt_637,T-Shirt
T-Shirt_638,T-Shirt
T-Shirt_639,T-Shirt
T-Shirt_640,T-Shirt
T-Shirt_641,T-Shirt
T-Shirt_642,T-Shirt
T-Shirt_643,T-Shirt
T-Shirt_644,T-Shirt
T-Shirt_645,T-Shirt
T-Shirt_646,T-Shirt
T-Shirt_647,T-Shirt
T-Shirt_648,T-Shirt
T-Shirt_649,T-Shirt
T-Shirt_650,T-Shirt
T-Shirt_651,T-Shirt
T-Shirt_652,T-Shirt
T-Shirt_653,T-Shirt
T-Shirt_654,T-Shirt
T-Shirt_655,T-Shirt
T-Shirt_656,T-Shirt
T-Shirt_657,T-Shirt
T-Shirt_658,T-Shirt
T-Shirt_659,T-Shirt
T-Shirt_660,T-Shirt
T-Shirt_661,T-Shirt
T-Shirt_662,T-Shirt
T-Shirt_663,T-Shirt
T-Shirt_664,T-Shirt
T-Shirt_665,T-Shirt
T-Shirt_666,T-Shirt
T-Shirt_667,T-Shirt
T-Shirt_668,T-Shirt
T-Shirt_669,T-Shirt
T-Shirt_670,T-Shirt
T-Shirt_671,T-Shirt
T-Shirt_672,T-Shirt
T-Shirt_673,T-Shirt
T-Shirt_674,T-Shirt
T-Shirt_675,T-Shirt
T-Shirt_676,T-Shirt
T-Shirt_677,T-Shirt
T-Shirt_678,T-Shirt
T-Shirt_679,T-Shirt
T-Shirt_680,T-Shirt
T-Shirt_681,T-Shirt
T-Shirt_682,T-Shirt
T-Shirt_683,T-Shirt
T-Shirt_684,T-Shirt
T-Shirt_685,T-Shirt
T-Shirt_686,T-Shirt
T-Shirt_687,T-Shirt
T-Shirt_688,T-Shirt
T-Shirt_689,T-Shirt
T-Shirt_690,T-Shirt
T-Shirt_691,T-Shirt
T-Shirt_692,T-Shirt
T-Shirt_693,T-Shirt
T-Shirt_694,T-Shirt
T-Shirt_695,T-Shirt
T-Shirt_696,T-Shirt
T-Shirt_697,T-Shirt
T-Shirt_698,T-Shirt
T-Shirt_699,T-Shirt
T-Shirt_700,T-Shirt
T-Shirt_701,T-Shirt
T-Shirt_702,T-Shirt
T-Shirt_703,T-Shirt
T-Shirt_704,T-Shirt
T-Shirt_705,T-Shirt
T-Shirt_706,T-Shirt
T-Shirt_707,T-Shirt
T-Shirt_708,T-Shirt
T-Shirt_709,T-Shirt
T-Shirt_710,T-Shirt
T-Shirt_711,T-Shirt
T-Shirt_712,T-Shirt
T-Shirt_713,T-Shirt
T-Shirt_714,T-Shirt
T-Shirt_715,T-Shirt
T-Shirt_716,T-Shirt
T-Shirt_717,T-Shirt
T-Shirt_718,T-Shirt
T-Shirt_719,T-Shirt
T-Shirt_720,T-Shirt
T-Shirt_721,T-Shirt
T-Shirt_722,T-Shirt
T-Shirt_723,T-Shirt
T-Shirt_724,T-Shirt
T-Shirt_725,T-Shirt
T-Shirt_726,T-Shirt
T-Shirt_727,T-Shirt
T-Shirt_728,T-Shirt
T-Shirt_729,T-Shirt
T-Shirt_730,T-Shirt
T-Shirt_731,T-Shirt
T-Shirt_732,T-Shirt
T-Shirt_733,T-Shirt
T-Shirt_734,T-Shirt
T-Shirt_735,T-Shirt
T-Shirt_736,T-Shirt
T-Shirt_737,T-Shirt
T-Shirt_738,T-Shirt
T-Shirt_739,T-Shirt
T-Shirt_740,T-Shirt
T-Shirt_741,T-Shirt
T-Shirt_742,T-Shirt
T-Shirt_743,T-Shirt
T-Shirt_744,T-Shirt
T-Shirt_745,T-Shirt
T-Shirt_746,T-Shirt
T-Shirt_747,T-Shirt
T-Shirt_748,T-Shirt
T-Shirt_749,T-Shirt
T-Shirt_750,T-Shirt
T-Shirt_751,T-Shirt
T-Shirt_752,T-Shirt
T-Shirt_753,T-Shirt
T-Shirt_754,T-Shirt
T-Shirt_755,T-Shirt
T-Shirt_756,T-Shirt
T-Shirt_757,T-Shirt
T-Shirt_758,T-Shirt
T-Shirt_759,T-Shirt
T-Shirt_760,T-Shirt
T-Shirt_761,T-Shirt
T-Shirt_762,T-Shirt
T-Shirt_763,T-Shirt
T-Shirt_764,T-Shirt
T-Shirt_765,T-Shirt
T-Shirt_766,T-Shirt
T-Shirt_767,T-Shirt
T-Shirt_768,T-Shirt
T-Shirt_769,T-Shirt
T-Shirt_770,T-Shirt
T-Shirt_771,T-Shirt
T-Shirt_772,T-Shirt
T-Shirt_773,T-Shirt
T-Shirt_774,T-Shirt
T-Shirt_775,T-Shirt
T-Shirt_776,T-Shirt
T-Shirt_777,T-Shirt
T-Shirt_778,T-Shirt
T-Shirt_779,T-Shirt
T-Shirt_780,T-Shirt
T-Shirt_781,T-Shirt
T-Shirt_782,T-Shirt
T-Shirt_783,T-Shirt
T-Shirt_784,T-Shirt
T-Shirt_785,T-Shirt
T-Shirt_786,T-Shirt
T-Shirt_787,T-Shirt
T-Shirt_788,T-Shirt
T-Shirt_789,T-Shirt
T-Shirt_790,T-Shirt
T-Shirt_791,T-Shirt
T-Shirt_792,T-Shirt
T-Shirt_793,T-Shirt
T-Shirt_794,T-Shirt
T-Shirt_795,T-Shirt
T-Shirt_796,T-Shirt
T-Shirt_797,T-Shirt
T-Shirt_798,T-Shirt
T-Shirt_799,T-Shirt
T-Shirt_800,T-Shirt
T-Shirt_801,T-Shirt
T-Shirt_802,T-Shirt
T-Shirt_803,T-Shirt
T-Shirt_804,T-Shirt
T-Shirt_805,T-Shirt
T-Shirt_806,T-Shirt
T-Shirt_807,T-Shirt
T-Shirt_808,T-Shirt
T-Shirt_809,T-Shirt
T-Shirt_810,T-Shirt
T-Shirt_811,T-Shirt
T-Shirt_812,T-Shirt
T-Shirt_813,T-Shirt
T-Shirt_814,T-Shirt
T-Shirt_815,T-Shirt
T-Shirt_816,T-Shirt
T-Shirt_817,T-Shirt
T-Shirt_818,T-Shirt
T-Shirt_819,T-Shirt
T-Shirt_820,T-Shirt
T-Shirt_821,T-Shirt
T-Shirt_822,T-Shirt
T-Shirt_823,T-Shirt
T-Shirt_824,T-Shirt
T-Shirt_825,T-Shirt
T-Shirt_826,T-Shirt
T-Shirt_827,T-Shirt
T-Shirt_828,T-Shirt
T-Shirt_829,T-Shirt
T-Shirt_830,T-Shirt
T-Shirt_831,T-Shirt
T-Shirt_832,T-Shirt
T-Shirt_833,T-Shirt
T-Shirt_834,T-Shirt
T-Shirt_835,T-Shirt
T-Shirt_836,T-Shirt
T-Shirt_837,T-Shirt
T-Shirt_838,T-Shirt
T-Shirt_839,T-Shirt
Undershirt_1,Undershirt
Undershirt_2,Undershirt
Undershirt_3,Undershirt
Undershirt_4,Undershirt
Undershirt_5,Undershirt
Undershirt_6,Undershirt
Undershirt_7,Undershirt
Undershirt_8,Undershirt
Undershirt_9,Undershirt
Undershirt_10,Undershirt
Undershirt_11,Undershirt
Undershirt_12,Undershirt
Undershirt_13,Undershirt
Undershirt_14,Undershirt
Undershirt_15,Undershirt
Undershirt_16,Undershirt
Undershirt_17,Undershirt
Undershirt_18,Undershirt
Undershirt_19,Undershirt
Undershirt_20,Undershirt
Undershirt_21,Undershirt
Undershirt_22,Undershirt
Undershirt_23,Undershirt
Undershirt_24,Undershirt
Undershirt_25,Undershirt
Undershirt_26,Undershirt
Undershirt_27,Undershirt
Undershirt_28,Undershirt
Undershirt_29,Undershirt
Undershirt_30,Undershirt
Undershirt_31,Undershirt
Undershirt_32,Undershirt
Undershirt_33,Undershirt
Undershirt_34,Undershirt
Undershirt_35,Undershirt
Undershirt_36,Undershirt
Undershirt_37,Undershirt
Undershirt_38,Undershirt
Undershirt_39,Undershirt
Undershirt_40,Undershirt
Undershirt_41,Undershirt
Undershirt_42,Undershirt
Undershirt_43,Undershirt
Undershirt_44,Undershirt
Undershirt_45,Undershirt
Undershirt_46,Undershirt
Undershirt_47,Undershirt
Undershirt_48,Undershirt
Undershirt_49,Undershirt
Undershirt_50,Undershirt
Undershirt_51,Undershirt
Undershirt_52,Undershirt
Undershirt_53,Undershirt
Undershirt_54,Undershirt
Undershirt_55,Undershirt
Undershirt_56,Undershirt
Undershirt_57,Undershirt
Undershirt_58,Undershirt
Undershirt_59,Undershirt
Undershirt_60,Undershirt
Undershirt_61,Undershirt
Undershirt_62,Undershirt
Undershirt_63,Undershirt
Undershirt_64,Undershirt
Undershirt_65,Undershirt
Undershirt_66,Undershirt
Undershirt_67,Undershirt
Undershirt_68,Undershirt
Undershirt_69,Undershirt
Undershirt_70,Undershirt
Undershirt_71,Undershirt
Undershirt_72,Undershirt
Undershirt_73,Undershirt
Undershirt_74,Undershirt
Undershirt_75,Undershirt
Undershirt_76,Undershirt
Undershirt_77,Undershirt
Undershirt_78,Undershirt
Undershirt_79,Undershirt
Undershirt_80,Undershirt
Undershirt_81,Undershirt
Undershirt_82,Undershirt
Undershirt_83,Undershirt
Undershirt_84,Undershirt
Undershirt_85,Undershirt
Undershirt_86,Undershirt
Undershirt_87,Undershirt
Undershirt_88,Undershirt
Undershirt_89,Undershirt
Undershirt_90,Undershirt
Undershirt_91,Undershirt
Undershirt_92,Undershirt
Undershirt_93,Undershirt
Undershirt_94,Undershirt
Undershirt_95,Undershirt
Undershirt_96,Undershirt
Undershirt_97,Undershirt
Undershirt_98,Undershirt
Undershirt_99,Undershirt
Undershirt_100,Undershirt
Undershirt_101,Undershirt
Undershirt_102,Undershirt
Undershirt_103,Undershirt
Undershirt_104,Undershirt
Undershirt_105,Undershirt
Undershirt_106,Undershirt
Undershirt_107,Undershirt
Undershirt_108,Undershirt
Undershirt_109,Undershirt
Undershirt_110,Undershirt
Undershirt_111,Undershirt
Undershirt_112,Undershirt
Undershirt_113,Undershirt
Undershirt_114,Undershirt
Undershirt_115,Undershirt
Undershirt_116,Undershirt
Undershirt_117,Undershirt
Undershirt_118,Undershirt
Undershirt_119,Undershirt
Undershirt_120,Undershirt
Undershirt_121,Undershirt
Undershirt_122,Undershirt
Undershirt_123,Undershirt
Undershirt_124,Undershirt
Undershirt_125,Undershirt
Undershirt_126,Undershirt
Undershirt_127,Undershirt
Undershirt_128,Undershirt
Undershirt_129,Undershirt
Undershirt_130,Undershirt
Undershirt_131,Undershirt
Undershirt_132,Undershirt
Undershirt_133,Undershirt
Undershirt_134,Undershirt
Undershirt_135,Undershirt
Undershirt_136,Undershirt
Undershirt_137,Undershirt
Undershirt_138,Undershirt
Undershirt_139,Undershirt
Undershirt_140,Undershirt
Undershirt_141,Undershirt
Undershirt_142,Undershirt
Undershirt_143,Undershirt
Undershirt_144,Undershirt
Undershirt_145,Undershirt
Undershirt_146,Undershirt
Undershirt_147,Undershirt
Undershirt_148,Undershirt
Undershirt_149,Undershirt
Undershirt_150,Undershirt
Undershirt_151,Undershirt
Undershirt_152,Undershirt
Undershirt_153,Undershirt
Undershirt_154,Undershirt
Undershirt_155,Undershirt
Undershirt_156,Undershirt
Undershirt_157,Undershirt
Undershirt_158,Undershirt
Undershirt_159,Undershirt
Undershirt_160,Undershirt
Undershirt_161,Undershirt
Undershirt_162,Undershirt
Undershirt_163,Undershirt
Undershirt_164,Undershirt
Undershirt_165,Undershirt
Undershirt_166,Undershirt
Undershirt_167,Undershirt
Undershirt_168,Undershirt
Undershirt_169,Undershirt
Undershirt_170,Undershirt
Undershirt_171,Undershirt
Undershirt_172,Undershirt
Undershirt_173,Undershirt
Undershirt_174,Undershirt
Undershirt_175,Undershirt
Undershirt_176,Undershirt
Undershirt_177,Undershirt
Undershirt_178,Undershirt
Undershirt_179,Undershirt
Undershirt_180,Undershirt
Undershirt_181,Undershirt
Undershirt_182,Undershirt
Undershirt_183,Undershirt
Undershirt_184,Undershirt
Undershirt_185,Undershirt
Undershirt_186,Undershirt
Undershirt_187,Undershirt
Undershirt_188,Undershirt
Undershirt_189,Undershirt
Undershirt_190,Undershirt
Undershirt_191,Undershirt
Undershirt_192,Undershirt
Undershirt_193,Undershirt
Undershirt_194,Undershirt
Undershirt_195,Undershirt
Undershirt_196,Undershirt
Undershirt_197,Undershirt
Undershirt_198,Undershirt
Undershirt_199,Undershirt
Undershirt_200,Undershirt
Undershirt_201,Undershirt
Undershirt_202,Undershirt
Shirt_1,Shirt
Shirt_2,Shirt
Shirt_3,Shirt
Shirt_4,Shirt
Shirt_5,Shirt
Shirt_6,Shirt
Shirt_7,Shirt
Shirt_8,Shirt
Shirt_9,Shirt
Shirt_10,Shirt
Shirt_11,Shirt
Shirt_12,Shirt
Shirt_13,Shirt
Shirt_14,Shirt
Shirt_15,Shirt
Shirt_16,Shirt
Shirt_17,Shirt
Shirt_18,Shirt
Shirt_19,Shirt
Shirt_20,Shirt
Shirt_21,Shirt
Shirt_22,Shirt
Shirt_23,Shirt
Shirt_24,Shirt
Shirt_25,Shirt
Shirt_26,Shirt
Shirt_27,Shirt
Shirt_28,Shirt
Shirt_29,Shirt
Shirt_30,Shirt
Shirt_31,Shirt
Shirt_32,Shirt
Shirt_33,Shirt
Shirt_34,Shirt
Shirt_35,Shirt
Shirt_36,Shirt
Shirt_37,Shirt
Shirt_38,Shirt
Shirt_39,Shirt
Shirt_40,Shirt
Shirt_41,Shirt
Shirt_42,Shirt
Shirt_43,Shirt
Shirt_44,Shirt
Shirt_45,Shirt
Shirt_46,Shirt
Shirt_47,Shirt
Shirt_48,Shirt
Shirt_49,Shirt
Shirt_50,Shirt
Shirt_51,Shirt
Shirt_52,Shirt
Shirt_53,Shirt
Shirt_54,Shirt
Shirt_55,Shirt
Shirt_56,Shirt
Shirt_57,Shirt
Shirt_58,Shirt
Shirt_59,Shirt
Shirt_60,Shirt
Shirt_61,Shirt
Shirt_62,Shirt
Shirt_63,Shirt
Shirt_64,Shirt
Shirt_65,Shirt
Shirt_66,Shirt
Shirt_67,Shirt
Shirt_68,Shirt
Shirt_69,Shirt
Shirt_70,Shirt
Shirt_71,Shirt
Shirt_72,Shirt
Shirt_73,Shirt
Shirt_74,Shirt
Shirt_75,Shirt
Shirt_76,Shirt
Shirt_77,Shirt
Shirt_78,Shirt
Shirt_79,Shirt
Shirt_80,Shirt
Shirt_81,Shirt
Shirt_82,Shirt
Shirt_83,Shirt
Shirt_84,Shirt
Shirt_85,Shirt
Shirt_86,Shirt
Shirt_87,Shirt
Shirt_88,Shirt
Shirt_89,Shirt
Shirt_90,Shirt
Shirt_91,Shirt
Shirt_92,Shirt
Shirt_93,Shirt
Shirt_94,Shirt
Shirt_95,Shirt
Shirt_96,Shirt
Shirt_97,Shirt
Shirt_98,Shirt
Shirt_99,Shirt
Shirt_100,Shirt
Shirt_101,Shirt
Shirt_102,Shirt
Shirt_103,Shirt
Shirt_104,Shirt
Shirt_105,Shirt
Shirt_106,Shirt
Shirt_107,Shirt
Shirt_108,Shirt
Shirt_109,Shirt
Shirt_110,Shirt
Shirt_111,Shirt
Shirt_112,Shirt
Shirt_113,Shirt
Shirt_114,Shirt
Shirt_115,Shirt
Shirt_116,Shirt
Shirt_117,Shirt
Shirt_118,Shirt
Shirt_119,Shirt
Shirt_120,Shirt
Shirt_121,Shirt
Shirt_122,Shirt
Shirt_123,Shirt
Shirt_124,Shirt
Shirt_125,Shirt
Shirt_126,Shirt
Shirt_127,Shirt
Shirt_128,Shirt
Shirt_129,Shirt
Shirt_130,Shirt
Shirt_131,Shirt
Shirt_132,Shirt
Shirt_133,Shirt
Shirt_134,Shirt
Shirt_135,Shirt
Shirt_136,Shirt
Shirt_137,Shirt
Shirt_138,Shirt
Shirt_139,Shirt
Shirt_140,Shirt
Shirt_141,Shirt
Shirt_142,Shirt
Shirt_143,Shirt
Shirt_144,Shirt
Shirt_145,Shirt
Shirt_146,Shirt
Shirt_147,Shirt
Shirt_148,Shirt
Shirt_149,Shirt
Shirt_150,Shirt
Shirt_151,Shirt
Shirt_152,Shirt
Shirt_153,Shirt
Shirt_154,Shirt
Shirt_155,Shirt
Shirt_156,Shirt
Shirt_157,Shirt
Shirt_158,Shirt
Shirt_159,Shirt
Shirt_160,Shirt
Shirt_161,Shirt
Shirt_162,Shirt
Shirt_163,Shirt
Shirt_164,Shirt
Shirt_165,Shirt
Shirt_166,Shirt
Shirt_167,Shirt
Shirt_168,Shirt
Shirt_169,Shirt
Shirt_170,Shirt
Shirt_171,Shirt
Shirt_172,Shirt
Shirt_173,Shirt
Shirt_174,Shirt
Shirt_175,Shirt
Shirt_176,Shirt
Shirt_177,Shirt
Shirt_178,Shirt
Shirt_179,Shirt
Shirt_180,Shirt
Shirt_181,Shirt
Shirt_182,Shirt
Shirt_183,Shirt
Shirt_184,Shirt
Shirt_185,Shirt
Shirt_186,Shirt
Shirt_187,Shirt
Shirt_188,Shirt
Shirt_189,Shirt
Shirt_190,Shirt
Shirt_191,Shirt
Shirt_192,Shirt
Shirt_193,Shirt
Shirt_194,Shirt
Shirt_195,Shirt
Shirt_196,Shirt
Shirt_197,Shirt
Shirt_198,Shirt
Shirt_199,Shirt
Shirt_200,Shirt
Shirt_201,Shirt
Shirt_202,Shirt
Shirt_203,Shirt
Shirt_204,Shirt
Shirt_205,Shirt
Shirt_206,Shirt
Shirt_207,Shirt
Shirt_208,Shirt
Shirt_209,Shirt
Shirt_210,Shirt
Shirt_211,Shirt
Shirt_212,Shirt
Shirt_213,Shirt
Shirt_214,Shirt
Shirt_215,Shirt
Shirt_216,Shirt
Shirt_217,Shirt
Shirt_218,Shirt
Shirt_219,Shirt
Shirt_220,Shirt
Shirt_221,Shirt
Shirt_222,Shirt
Shirt_223,Shirt
Shirt_224,Shirt
Shirt_225,Shirt
Shirt_226,Shirt
Shirt_227,Shirt
Shirt_228,Shirt
Shirt_229,Shirt
Shirt_230,Shirt
Shirt_231,Shirt
Shirt_232,Shirt
Shirt_233,Shirt
Shirt_234,Shirt
Shirt_235,Shirt
Shirt_236,Shirt
Shirt_237,Shirt
Shirt_238,Shirt
Shirt_239,Shirt
Shirt_240,Shirt
Shirt_241,Shirt
Shirt_242,Shirt
Shirt_243,Shirt
Shirt_244,Shirt
Shirt_245,Shirt
Shirt_246,Shirt
Shirt_247,Shirt
Shirt_248,Shirt
Shirt_249,Shirt
Shirt_250,Shirt
Shirt_251,Shirt
Shirt_252,Shirt
Shirt_253,Shirt
Shirt_254,Shirt
Shirt_255,Shirt
Shirt_256,Shirt
Shirt_257,Shirt
Shirt_258,Shirt
Shirt_259,Shirt
Shirt_260,Shirt
Shirt_261,Shirt
Shirt_262,Shirt
Shirt_263,Shirt
Shirt_264,Shirt
Shirt_265,Shirt
Shirt_266,Shirt
Shirt_267,Shirt
Shirt_268,Shirt
Shirt_269,Shirt
Shirt_270,Shirt
Shirt_271,Shirt
Shirt_272,Shirt
Shirt_273,Shirt
Shirt_274,Shirt
Shirt_275,Shirt
Shirt_276,Shirt
Shirt_277,Shirt
Shirt_278,Shirt
Shirt_279,Shirt
Shirt_280,Shirt
Shirt_281,Shirt
Shirt_282,Shirt
Shirt_283,Shirt
Shirt_284,Shirt
Shirt_285,Shirt
Shirt_286,Shirt
Shirt_287,Shirt
Shirt_288,Shirt
Shirt_289,Shirt
Shirt_290,Shirt
Shirt_291,Shirt
Shirt_292,Shirt
Shirt_293,Shirt
Shirt_294,Shirt
Shirt_295,Shirt
Shirt_296,Shirt
Shirt_297,Shirt
Shirt_298,Shirt
Shirt_299,Shirt
Shirt_300,Shirt
Shirt_301,Shirt
Shirt_302,Shirt
Shirt_303,Shirt
Shirt_304,Shirt
Shirt_305,Shirt
Shirt_306,Shirt
Shirt_307,Shirt
Shirt_308,Shirt
Shirt_309,Shirt
Shirt_310,Shirt
Shirt_311,Shirt
Shirt_312,Shirt
Shirt_313,Shirt
Shirt_314,Shirt
Shirt_315,Shirt
Shirt_316,Shirt
Shirt_317,Shirt
Shirt_318,Shirt
Shirt_319,Shirt
Shirt_320,Shirt
Shirt_321,Shirt
Shirt_322,Shirt
Shirt_323,Shirt
Shirt_324,Shirt
Shirt_325,Shirt
Shirt_326,Shirt
Shirt_327,Shirt
Shirt_328,Shirt
Shirt_329,Shirt
Shirt_330,Shirt
Shirt_331,Shirt
Shirt_332,Shirt
Shirt_333,Shirt
Shirt_334,Shirt
Shirt_335,Shirt
Shirt_336,Shirt
Shirt_337,Shirt
Shirt_338,Shirt
Shirt_339,Shirt
Shirt_340,Shirt
Shirt_341,Shirt
Shirt_342,Shirt
Shirt_343,Shirt
Shirt_344,Shirt
Shirt_345,Shirt
Shirt_346,Shirt
Shirt_347,Shirt
Shirt_348,Shirt
Shirt_349,Shirt
Shirt_350,Shirt
Shirt_351,Shirt
Shirt_352,Shirt
Shirt_353,Shirt
Shirt_354,Shirt
Shirt_355,Shirt
Shirt_356,Shirt
Shirt_357,Shirt
Shirt_358,Shirt
Shirt_359,Shirt
Shirt_360,Shirt
Shirt_361,Shirt
Shirt_362,Shirt
Shirt_363,Shirt
Shirt_364,Shirt
Shirt_365,Shirt
Shirt_366,Shirt
Shirt_367,Shirt
Shirt_368,Shirt
Shirt_369,Shirt
Shirt_370,Shirt
Shirt_371,Shirt
Shirt_372,Shirt
Shirt_373,Shirt
Shirt_374,Shirt
Shirt_375,Shirt
Shirt_376,Shirt
Shirt_377,Shirt
Shirt_378,Shirt
Shirt_379,Shirt
Shirt_380,Shirt
Shirt_381,Shirt
Shirt_382,Shirt
Shirt_383,Shirt
Shirt_384,Shirt
Shirt_385,Shirt
Shirt_386,Shirt
Shirt_387,Shirt
Shirt_388,Shirt
Shirt_389,Shirt
Shirt_390,Shirt
Shirt_391,Shirt
Shirt_392,Shirt
Shirt_393,Shirt
Shirt_394,Shirt
Shirt_395,Shirt
Shirt_396,Shirt
Shirt_397,Shirt
Shirt_398,Shirt
Shirt_399,Shirt
Shirt_400,Shirt
Shirt_401,Shirt
Shirt_402,Shirt
Shirt_403,Shirt
Shirt_404,Shirt
Shirt_405,Shirt
Shirt_406,Shirt
Shirt_407,Shirt
Shirt_408,Shirt
Shirt_409,Shirt
Shirt_410,Shirt
Shirt_411,Shirt
Shirt_412,Shirt
Shirt_413,Shirt
Shirt_414,Shirt
Shirt_415,Shirt
Shirt_416,Shirt
Shirt_417,Shirt
Shirt_418,Shirt
Shirt_419,Shirt
Shirt_420,Shirt
Shirt_421,Shirt
Shirt_422,Shirt
Shirt_423,Shirt
Shirt_424,Shirt
Shirt_425,Shirt
Shirt_426,Shirt
Shirt_427,Shirt
Shirt_428,Shirt
Shirt_429,Shirt
Shirt_430,Shirt
Shirt_431,Shirt
Shirt_432,Shirt
Shirt_433,Shirt
Shirt_434,Shirt
Shirt_435,Shirt
Shirt_436,Shirt
Shirt_437,Shirt
Shirt_438,Shirt
Shirt_439,Shirt
Shirt_440,Shirt
Shirt_441,Shirt
Shirt_442,Shirt
Shirt_443,Shirt
Shirt_444,Shirt
Shirt_445,Shirt
Shirt_446,Shirt
Shirt_447,Shirt
Shirt_448,Shirt
Shirt_449,Shirt
Shirt_450,Shirt
Shirt_451,Shirt
Shirt_452,Shirt
Shirt_453,Shirt
Shirt_454,Shirt
Longsleeve_1,Longsleeve
Longsleeve_2,Longsleeve
Longsleeve_3,Longsleeve
Longsleeve_4,Longsleeve
Longsleeve_5,Longsleeve
Longsleeve_6,Longsleeve
Longsleeve_7,Longsleeve
Longsleeve_8,Longsleeve
Longsleeve_9,Longsleeve
Longsleeve_10,Longsleeve
Longsleeve_11,Longsleeve
Longsleeve_12,Longsleeve
Longsleeve_13,Longsleeve
Longsleeve_14,Longsleeve
Longsleeve_15,Longsleeve
Longsleeve_16,Longsleeve
Longsleeve_17,Longsleeve
Longsleeve_18,Longsleeve
Longsleeve_19,Longsleeve
Longsleeve_20,Longsleeve
Longsleeve_21,Longsleeve
Longsleeve_22,Longsleeve
Longsleeve_23,Longsleeve
Longsleeve_24,Longsleeve
Longsleeve_25,Longsleeve
Longsleeve_26,Longsleeve
Longsleeve_27,Longsleeve
Longsleeve_28,Longsleeve
Longsleeve_29,Longsleeve
Longsleeve_30,Longsleeve
Longsleeve_31,Longsleeve
Longsleeve_32,Longsleeve
Longsleeve_33,Longsleeve
Longsleeve_34,Longsleeve
Longsleeve_35,Longsleeve
Longsleeve_36,Longsleeve
Longsleeve_37,Longsleeve
Longsleeve_38,Longsleeve
Longsleeve_39,Longsleeve
Longsleeve_40,Longsleeve
Longsleeve_41,Longsleeve
Longsleeve_42,Longsleeve
Longsleeve_43,Longsleeve
Longsleeve_44,Longsleeve
Longsleeve_45,Longsleeve
Longsleeve_46,Longsleeve
Longsleeve_47,Longsleeve
Longsleeve_48,Longsleeve
Longsleeve_49,Longsleeve
Longsleeve_50,Longsleeve
Longsleeve_51,Longsleeve
Longsleeve_52,Longsleeve
Longsleeve_53,Longsleeve
Longsleeve_54,Longsleeve
Longsleeve_55,Longsleeve
Longsleeve_56,Longsleeve
Longsleeve_57,Longsleeve
Longsleeve_58,Longsleeve
Longsleeve_59,Longsleeve
Longsleeve_60,Longsleeve
Longsleeve_61,Longsleeve
Longsleeve_62,Longsleeve
Longsleeve_63,Longsleeve
Longsleeve_64,Longsleeve
Longsleeve_65,Longsleeve
Longsleeve_66,Longsleeve
Longsleeve_67,Longsleeve
Longsleeve_68,Longsleeve
Longsleeve_69,Longsleeve
Longsleeve_70,Longsleeve
Longsleeve_71,Longsleeve
Longsleeve_72,Longsleeve
Longsleeve_73,Longsleeve
Longsleeve_74,Longsleeve
Longsleeve_75,Longsleeve
Longsleeve_76,Longsleeve
Longsleeve_77,Longsleeve
Longsleeve_78,Longsleeve
Longsleeve_79,Longsleeve
Longsleeve_80,Longsleeve
Longsleeve_81,Longsleeve
Longsleeve_82,Longsleeve
Longsleeve_83,Longsleeve
Longsleeve_84,Longsleeve
Longsleeve_85,Longsleeve
Longsleeve_86,Longsleeve
Longsleeve_87,Longsleeve
Longsleeve_88,Longsleeve
Longsleeve_89,Longsleeve
Longsleeve_90,Longsleeve
Longsleeve_91,Longsleeve
Longsleeve_92,Longsleeve
Longsleeve_93,Longsleeve
Longsleeve_94,Longsleeve
Longsleeve_95,Longsleeve
Longsleeve_96,Longsleeve
Longsleeve_97,Longsleeve
Longsleeve_98,Longsleeve
Longsleeve_99,Longsleeve
Longsleeve_100,Longsleeve
Longsleeve_101,Longsleeve
Longsleeve_102,Longsleeve
Longsleeve_103,Longsleeve
Longsleeve_104,Longsleeve
Longsleeve_105,Longsleeve
Longsleeve_106,Longsleeve
Longsleeve_107,Longsleeve
Longsleeve_108,Longsleeve
Longsleeve_109,Longsleeve
Longsleeve_110,Longsleeve
Longsleeve_111,Longsleeve
Longsleeve_112,Longsleeve
Longsleeve_113,Longsleeve
Longsleeve_114,Longsleeve
Longsleeve_115,Longsleeve
Longsleeve_116,Longsleeve
Longsleeve_117,Longsleeve
Longsleeve_118,Longsleeve
Longsleeve_119,Longsleeve
Longsleeve_120,Longsleeve
Longsleeve_121,Longsleeve
Longsleeve_122,Longsleeve
Longsleeve_123,Longsleeve
Longsleeve_124,Longsleeve
Longsleeve_125,Longsleeve
Longsleeve_126,Longsleeve
Longsleeve_127,Longsleeve
Longsleeve_128,Longsleeve
Longsleeve_129,Longsleeve
Longsleeve_130,Longsleeve
Longsleeve_131,Longsleeve
Longsleeve_132,Longsleeve
Longsleeve_133,Longsleeve
Longsleeve_134,Longsleeve
Longsleeve_135,Longsleeve
Longsleeve_136,Longsleeve
Longsleeve_137,Longsleeve
Longsleeve_138,Longsleeve
Longsleeve_139,Longsleeve
Longsleeve_140,Longsleeve
Longsleeve_141,Longsleeve
Longsleeve_142,Longsleeve
Longsleeve_143,Longsleeve
Longsleeve_144,Longsleeve
Longsleeve_145,Longsleeve
Longsleeve_146,Longsleeve
Longsleeve_147,Longsleeve
Longsleeve_148,Longsleeve
Longsleeve_149,Longsleeve
Longsleeve_150,Longsleeve
Longsleeve_151,Longsleeve
Longsleeve_152,Longsleeve
Longsleeve_153,Longsleeve
Longsleeve_154,Longsleeve
Longsleeve_155,Longsleeve
Longsleeve_156,Longsleeve
Longsleeve_157,Longsleeve
Longsleeve_158,Longsleeve
Longsleeve_159,Longsleeve
Longsleeve_160,Longsleeve
Longsleeve_161,Longsleeve
Longsleeve_162,Longsleeve
Longsleeve_163,Longsleeve
Longsleeve_164,Longsleeve
Longsleeve_165,Longsleeve
Longsleeve_166,Longsleeve
Longsleeve_167,Longsleeve
Longsleeve_168,Longsleeve
Longsleeve_169,Longsleeve
Longsleeve_170,Longsleeve
Longsleeve_171,Longsleeve
Longsleeve_172,Longsleeve
Longsleeve_173,Longsleeve
Longsleeve_174,Longsleeve
Longsleeve_175,Longsleeve
Longsleeve_176,Longsleeve
Longsleeve_177,Longsleeve
Longsleeve_178,Longsleeve
Longsleeve_179,Longsleeve
Longsleeve_180,Longsleeve
Longsleeve_181,Longsleeve
Longsleeve_182,Longsleeve
Longsleeve_183,Longsleeve
Longsleeve_184,Longsleeve
Longsleeve_185,Longsleeve
Longsleeve_186,Longsleeve
Longsleeve_187,Longsleeve
Longsleeve_188,Longsleeve
Longsleeve_189,Longsleeve
Longsleeve_190,Longsleeve
Longsleeve_191,Longsleeve
Longsleeve_192,Longsleeve
Longsleeve_193,Longsleeve
Longsleeve_194,Longsleeve
Longsleeve_195,Longsleeve
Longsleeve_196,Longsleeve
Longsleeve_197,Longsleeve
Longsleeve_198,Longsleeve
Longsleeve_199,Longsleeve
Longsleeve_200,Longsleeve
Longsleeve_201,Longsleeve
Longsleeve_202,Longsleeve
Longsleeve_203,Longsleeve
Longsleeve_204,Longsleeve
Longsleeve_205,Longsleeve
Longsleeve_206,Longsleeve
Longsleeve_207,Longsleeve
Longsleeve_208,Longsleeve
Longsleeve_209,Longsleeve
Longsleeve_210,Longsleeve
Longsleeve_211,Longsleeve
Longsleeve_212,Longsleeve
Longsleeve_213,Longsleeve
Longsleeve_214,Longsleeve
Longsleeve_215,Longsleeve
Longsleeve_216,Longsleeve
Longsleeve_217,Longsleeve
Longsleeve_218,Longsleeve
Longsleeve_219,Longsleeve
Longsleeve_220,Longsleeve
Longsleeve_221,Longsleeve
Longsleeve_222,Longsleeve
Longsleeve_223,Longsleeve
Longsleeve_224,Longsleeve
Longsleeve_225,Longsleeve
Longsleeve_226,Longsleeve
Longsleeve_227,Longsleeve
Longsleeve_228,Longsleeve
Longsleeve_229,Longsleeve
Longsleeve_230,Longsleeve
Longsleeve_231,Longsleeve
Longsleeve_232,Longsleeve
Longsleeve_233,Longsleeve
Longsleeve_234,Longsleeve
Longsleeve_235,Longsleeve
Longsleeve_236,Longsleeve
Longsleeve_237,Longsleeve
Longsleeve_238,Longsleeve
Longsleeve_239,Longsleeve
Longsleeve_240,Longsleeve
Longsleeve_241,Longsleeve
Longsleeve_242,Longsleeve
Longsleeve_243,Longsleeve
Longsleeve_244,Longsleeve
Longsleeve_245,Longsleeve
Longsleeve_246,Longsleeve
Longsleeve_247,Longsleeve
Longsleeve_248,Longsleeve
Longsleeve_249,Longsleeve
Longsleeve_250,Longsleeve
Longsleeve_251,Longsleeve
Longsleeve_252,Longsleeve
Longsleeve_253,Longsleeve
Longsleeve_254,Longsleeve
Longsleeve_255,Longsleeve
Longsleeve_256,Longsleeve
Longsleeve_257,Longsleeve
Longsleeve_258,Longsleeve
Longsleeve_259,Longsleeve
Longsleeve_260,Longsleeve
Longsleeve_261,Longsleeve
Longsleeve_262,Longsleeve
Longsleeve_263,Longsleeve
Longsleeve_264,Longsleeve
Longsleeve_265,Longsleeve
Longsleeve_266,Longsleeve
Longsleeve_267,Longsleeve
Longsleeve_268,Longsleeve
Longsleeve_269,Longsleeve
Longsleeve_270,Longsleeve
Longsleeve_271,Longsleeve
Longsleeve_272,Longsleeve
Longsleeve_273,Longsleeve
Longsleeve_274,Longsleeve
Longsleeve_275,Longsleeve
Longsleeve_276,Longsleeve
Longsleeve_277,Longsleeve
Longsleeve_278,Longsleeve
Longsleeve_279,Longsleeve
Longsleeve_280,Longsleeve
Longsleeve_281,Longsleeve
Longsleeve_282,Longsleeve
Longsleeve_283,Longsleeve
Longsleeve_284,Longsleeve
Longsleeve_285,Longsleeve
Longsleeve_286,Longsleeve
Longsleeve_287,Longsleeve
Longsleeve_288,Longsleeve
Longsleeve_289,Longsleeve
Longsleeve_290,Longsleeve
Longsleeve_291,Longsleeve
Longsleeve_292,Longsleeve
Longsleeve_293,Longsleeve
Longsleeve_294,Longsleeve
Longsleeve_295,Longsleeve
Longsleeve_296,Longsleeve
Longsleeve_297,Longsleeve
Longsleeve_298,Longsleeve
Longsleeve_299,Longsleeve
Longsleeve_300,Longsleeve
Longsleeve_301,Longsleeve
Longsleeve_302,Longsleeve
Longsleeve_303,Longsleeve
Longsleeve_304,Longsleeve
Longsleeve_305,Longsleeve
Longsleeve_306,Longsleeve
Longsleeve_307,Longsleeve
Longsleeve_308,Longsleeve
Longsleeve_309,Longsleeve
Longsleeve_310,Longsleeve
Longsleeve_311,Longsleeve
Longsleeve_312,Longsleeve
Longsleeve_313,Longsleeve
Longsleeve_314,Longsleeve
Longsleeve_315,Longsleeve
Longsleeve_316,Longsleeve
Longsleeve_317,Longsleeve
Longsleeve_318,Longsleeve
Longsleeve_319,Longsleeve
Longsleeve_320,Longsleeve
Longsleeve_321,Longsleeve
Longsleeve_322,Longsleeve
Longsleeve_323,Longsleeve
Longsleeve_324,Longsleeve
Longsleeve_325,Longsleeve
Longsleeve_326,Longsleeve
Longsleeve_327,Longsleeve
Longsleeve_328,Longsleeve
Longsleeve_329,Longsleeve
Longsleeve_330,Longsleeve
Longsleeve_331,Longsleeve
Longsleeve_332,Longsleeve
Longsleeve_333,Longsleeve
Longsleeve_334,Longsleeve
Longsleeve_335,Longsleeve
Longsleeve_336,Longsleeve
Longsleeve_337,Longsleeve
Longsleeve_338,Longsleeve
Longsleeve_339,Longsleeve
Longsleeve_340,Longsleeve
Longsleeve_341,Longsleeve
Longsleeve_342,Longsleeve
Longsleeve_343,Longsleeve
Longsleeve_344,Longsleeve
Longsleeve_345,Longsleeve
Longsleeve_346,Longsleeve
Longsleeve_347,Longsleeve
Longsleeve_348,Longsleeve
Hoodie_1,Hoodie
Hoodie_2,Hoodie
Hoodie_3,Hoodie
Hoodie_4,Hoodie
Hoodie_5,Hoodie
Hoodie_6,Hoodie
Hoodie_7,Hoodie
Hoodie_8,Hoodie
Hoodie_9,Hoodie
Hoodie_10,Hoodie
Hoodie_11,Hoodie
Hoodie_12,Hoodie
Hoodie_13,Hoodie
Hoodie_14,Hoodie
Hoodie_15,Hoodie
Hoodie_16,Hoodie
Hoodie_17,Hoodie
Hoodie_18,Hoodie
Hoodie_19,Hoodie
Hoodie_20,Hoodie
Hoodie_21,Hoodie
Hoodie_22,Hoodie
Hoodie_23,Hoodie
Hoodie_24,Hoodie
Hoodie_25,Hoodie
Hoodie_26,Hoodie
Hoodie_27,Hoodie
Hoodie_28,Hoodie
Hoodie_29,Hoodie
Hoodie_30,Hoodie
Hoodie_31,Hoodie
Hoodie_32,Hoodie
Hoodie_33,Hoodie
Hoodie_34,Hoodie
Hoodie_35,Hoodie
Hoodie_36,Hoodie
Hoodie_37,Hoodie
Hoodie_38,Hoodie
Hoodie_39,Hoodie
Hoodie_40,Hoodie
Hoodie_41,Hoodie
Hoodie_42,Hoodie
Hoodie_43,Hoodie
Hoodie_44,Hoodie
Hoodie_45,Hoodie
Hoodie_46,Hoodie
Hoodie_47,Hoodie
Hoodie_48,Hoodie
Hoodie_49,Hoodie
Hoodie_50,Hoodie
Hoodie_51,Hoodie
Hoodie_52,Hoodie
Hoodie_53,Hoodie
Hoodie_54,Hoodie
Hoodie_55,Hoodie
Hoodie_56,Hoodie
Hoodie_57,Hoodie
Hoodie_58,Hoodie
Hoodie_59,Hoodie
Hoodie_60,Hoodie
Hoodie_61,Hoodie
Hoodie_62,Hoodie
Hoodie_63,Hoodie
Hoodie_64,Hoodie
Hoodie_65,Hoodie
Hoodie_66,Hoodie
Hoodie_67,Hoodie
Hoodie_68,Hoodie
Hoodie_69,Hoodie
Hoodie_70,Hoodie
Hoodie_71,Hoodie
Hoodie_72,Hoodie
Hoodie_73,Hoodie
Hoodie_74,Hoodie
Hoodie_75,Hoodie
Hoodie_76,Hoodie
Hoodie_77,Hoodie
Hoodie_78,Hoodie
Hoodie_79,Hoodie
Hoodie_80,Hoodie
Hoodie_81,Hoodie
Hoodie_82,Hoodie
Hoodie_83,Hoodie
Hoodie_84,Hoodie
Hoodie_85,Hoodie
Hoodie_86,Hoodie
Hoodie_87,Hoodie
Hoodie_88,Hoodie
Hoodie_89,Hoodie
Hoodie_90,Hoodie
Hoodie_91,Hoodie
Hoodie_92,Hoodie
Hoodie_93,Hoodie
Hoodie_94,Hoodie
Hoodie_95,Hoodie
Hoodie_96,Hoodie
Hoodie_97,Hoodie
Hoodie_98,Hoodie
Hoodie_99,Hoodie
Hoodie_100,Hoodie
Hoodie_101,Hoodie
Hoodie_102,Hoodie
Hoodie_103,Hoodie
Hoodie_104,Hoodie
Hoodie_105,Hoodie
Hoodie_106,Hoodie
Hoodie_107,Hoodie
Hoodie_108,Hoodie
Hoodie_109,Hoodie
Hoodie_110,Hoodie
Hoodie_111,Hoodie
Hoodie_112,Hoodie
Hoodie_113,Hoodie
Hoodie_114,Hoodie
Hoodie_115,Hoodie
Hoodie_116,Hoodie
Hoodie_117,Hoodie
Hoodie_118,Hoodie
Hoodie_119,Hoodie
Hoodie_120,Hoodie
Hoodie_121,Hoodie
Hoodie_122,Hoodie
Hoodie_123,Hoodie
Hoodie_124,Hoodie
Hoodie_125,Hoodie
Hoodie_126,Hoodie
Hoodie_127,Hoodie
Hoodie_128,Hoodie
Hoodie_129,Hoodie
Hoodie_130,Hoodie
Hoodie_131,Hoodie
Hoodie_132,Hoodie
Hoodie_133,Hoodie
Hoodie_134,Hoodie
Hoodie_135,Hoodie
Hoodie_136,Hoodie
Hoodie_137,Hoodie
Hoodie_138,Hoodie
Hoodie_139,Hoodie
Hoodie_140,Hoodie
Hoodie_141,Hoodie
Hoodie_142,Hoodie
Hoodie_143,Hoodie
Hoodie_144,Hoodie
Hoodie_145,Hoodie
Hoodie_146,Hoodie
Hoodie_147,Hoodie
Hoodie_148,Hoodie
Hoodie_149,Hoodie
Hoodie_150,Hoodie
Hoodie_151,Hoodie
Hoodie_152,Hoodie
Hoodie_153,Hoodie
Hoodie_154,Hoodie
Hoodie_155,Hoodie
Hoodie_156,Hoodie
Hoodie_157,Hoodie
Hoodie_158,Hoodie
Hoodie_159,Hoodie
Hoodie_160,Hoodie
Hoodie_161,Hoodie
Hoodie_162,Hoodie
Hoodie_163,Hoodie
Hoodie_164,Hoodie
Hoodie_165,Hoodie
Hoodie_166,Hoodie
Hoodie_167,Hoodie
Hoodie_168,Hoodie
Hoodie_169,Hoodie
Hoodie_170,Hoodie
Hoodie_171,Hoodie
Hoodie_172,Hoodie
Hoodie_173,Hoodie
Hoodie_174,Hoodie
Hoodie_175,Hoodie
Hoodie_176,Hoodie
Hoodie_177,Hoodie
Hoodie_178,Hoodie
Hoodie_179,Hoodie
Hoodie_180,Hoodie
Hoodie_181,Hoodie
Hoodie_182,Hoodie
Hoodie_183,Hoodie
Hoodie_184,Hoodie
Hoodie_185,Hoodie
Hoodie_186,Hoodie
Hoodie_187,Hoodie
Hoodie_188,Hoodie
Hoodie_189,Hoodie
Hoodie_190,Hoodie
Hoodie_191,Hoodie
Hoodie_192,Hoodie
Hoodie_193,Hoodie
Hoodie_194,Hoodie
Hoodie_195,Hoodie
Hoodie_196,Hoodie
Hoodie_197,Hoodie
Hoodie_198,Hoodie
Hoodie_199,Hoodie
Hoodie_200,Hoodie
Hoodie_201,Hoodie
Hoodie_202,Hoodie
Hoodie_203,Hoodie
Hoodie_204,Hoodie
Hoodie_205,Hoodie
Hoodie_206,Hoodie
Hoodie_207,Hoodie
Hoodie_208,Hoodie
Hoodie_209,Hoodie
Hoodie_210,Hoodie
Hoodie_211,Hoodie
Hoodie_212,Hoodie
Hoodie_213,Hoodie
Hoodie_214,Hoodie
Hoodie_215,Hoodie
Hoodie_216,Hoodie
Hoodie_217,Hoodie
Hoodie_218,Hoodie
Hoodie_219,Hoodie
Hoodie_220,Hoodie
Hoodie_221,Hoodie
Hoodie_222,Hoodie
Hoodie_223,Hoodie
Hoodie_224,Hoodie
Hoodie_225,Hoodie
Hoodie_226,Hoodie
Hoodie_227,Hoodie
Hoodie_228,Hoodie
Hoodie_229,Hoodie
Hoodie_230,Hoodie
Hoodie_231,Hoodie
Hoodie_232,Hoodie
Hoodie_233,Hoodie
Hoodie_234,Hoodie
Hoodie_235,Hoodie
Hoodie_236,Hoodie
Hoodie_237,Hoodie
Hoodie_238,Hoodie
Hoodie_239,Hoodie
Hoodie_240,Hoodie
Hoodie_241,Hoodie
Hoodie_242,Hoodie
Hoodie_243,Hoodie
Hoodie_244,Hoodie
Hoodie_245,Hoodie
Hoodie_246,Hoodie
Hoodie_247,Hoodie
Hoodie_248,Hoodie
Hoodie_249,Hoodie
Hoodie_250,Hoodie
Hoodie_251,Hoodie
Hoodie_252,Hoodie
Hoodie_253,Hoodie
Hoodie_254,Hoodie
Hoodie_255,Hoodie
Hoodie_256,Hoodie
Hoodie_257,Hoodie
Hoodie_258,Hoodie
Hoodie_259,Hoodie
Hoodie_260,Hoodie
Hoodie_261,Hoodie
Hoodie_262,Hoodie
Hoodie_263,Hoodie
Hoodie_264,Hoodie
Hoodie_265,Hoodie
Hoodie_266,Hoodie
Hoodie_267,Hoodie
Hoodie_268,Hoodie
Hoodie_269,Hoodie
Hoodie_270,Hoodie
Hoodie_271,Hoodie
Hoodie_272,Hoodie
Hoodie_273,Hoodie
Hoodie_274,Hoodie
Hoodie_275,Hoodie
Hoodie_276,Hoodie
Hoodie_277,Hoodie
Hoodie_278,Hoodie
Hoodie_279,Hoodie
Hoodie_280,Hoodie
Hoodie_281,Hoodie
Hoodie_282,Hoodie
Hoodie_283,Hoodie
Hoodie_284,Hoodie
Hoodie_285,Hoodie
Hoodie_286,Hoodie
Hoodie_287,Hoodie
Hoodie_288,Hoodie
Hoodie_289,Hoodie
Hoodie_290,Hoodie
Hoodie_291,Hoodie
Hoodie_292,Hoodie
Hoodie_293,Hoodie
Hoodie_294,Hoodie
Hoodie_295,Hoodie
Hoodie_296,Hoodie
Hoodie_297,Hoodie
Hoodie_298,Hoodie
Hoodie_299,Hoodie
Hoodie_300,Hoodie
Hoodie_301,Hoodie
Hoodie_302,Hoodie
Hoodie_303,Hoodie
Hoodie_304,Hoodie
Hoodie_305,Hoodie
Hoodie_306,Hoodie
Hoodie_307,Hoodie
Hoodie_308,Hoodie
Hoodie_309,Hoodie
Hoodie_310,Hoodie
Hoodie_311,Hoodie
Hoodie_312,Hoodie
Hoodie_313,Hoodie
Hoodie_314,Hoodie
Hoodie_315,Hoodie
Hoodie_316,Hoodie
Hoodie_317,Hoodie
Hoodie_318,Hoodie
Hoodie_319,Hoodie
Hoodie_320,Hoodie
Hoodie_321,Hoodie
Hoodie_322,Hoodie
Hoodie_323,Hoodie
Hoodie_324,Hoodie
Hoodie_325,Hoodie
Hoodie_326,Hoodie
Hoodie_327,Hoodie
Hoodie_328,Hoodie
Hoodie_329,Hoodie
Hoodie_330,Hoodie
Hoodie_331,Hoodie
Hoodie_332,Hoodie
Hoodie_333,Hoodie
Hoodie_334,Hoodie
Hoodie_335,Hoodie
Hoodie_336,Hoodie
Hoodie_337,Hoodie
Hoodie_338,Hoodie
Hoodie_339,Hoodie
Hoodie_340,Hoodie
Hoodie_341,Hoodie
Hoodie_342,Hoodie
Hoodie_343,Hoodie
Hoodie_344,Hoodie
Hoodie_345,Hoodie
Hoodie_346,Hoodie
Hoodie_347,Hoodie
Hoodie_348,Hoodie
Hoodie_349,Hoodie
Hoodie_350,Hoodie
Hoodie_351,Hoodie
Hoodie_352,Hoodie
Hoodie_353,Hoodie
Hoodie_354,Hoodie
Hoodie_355,Hoodie
Hoodie_356,Hoodie
Hoodie_357,Hoodie
Hoodie_358,Hoodie
Hoodie_359,Hoodie
Hoodie_360,Hoodie
Hoodie_361,Hoodie
Hoodie_362,Hoodie
Hoodie_363,Hoodie
Hoodie_364,Hoodie
Hoodie_365,Hoodie
Hoodie_366,Hoodie
Hoodie_367,Hoodie
Hoodie_368,Hoodie
Hoodie_369,Hoodie
Hoodie_370,Hoodie
Hoodie_371,Hoodie
Hoodie_372,Hoodie
Hoodie_373,Hoodie
Hoodie_374,Hoodie
Outwear_1,Outwear
Outwear_2,Outwear
Outwear_3,Outwear
Outwear_4,Outwear
Outwear_5,Outwear
Outwear_6,Outwear
Outwear_7,Outwear
Outwear_8,Outwear
Outwear_9,Outwear
Outwear_10,Outwear
Outwear_11,Outwear
Outwear_12,Outwear
Outwear_13,Outwear
Outwear_14,Outwear
Outwear_15,Outwear
Outwear_16,Outwear
Outwear_17,Outwear
Outwear_18,Outwear
Outwear_19,Outwear
Outwear_20,Outwear
Outwear_21,Outwear
Outwear_22,Outwear
Outwear_23,Outwear
Outwear_24,Outwear
Outwear_25,Outwear
Outwear_26,Outwear
Outwear_27,Outwear
Outwear_28,Outwear
Outwear_29,Outwear
Outwear_30,Outwear
Outwear_31,Outwear
Outwear_32,Outwear
Outwear_33,Outwear
Outwear_34,Outwear
Outwear_35,Outwear
Outwear_36,Outwear
Outwear_37,Outwear
Outwear_38,Outwear
Outwear_39,Outwear
Outwear_40,Outwear
Outwear_41,Outwear
Outwear_42,Outwear
Outwear_43,Outwear
Outwear_44,Outwear
Outwear_45,Outwear
Outwear_46,Outwear
Outwear_47,Outwear
Outwear_48,Outwear
Outwear_49,Outwear
Outwear_50,Outwear
Outwear_51,Outwear
Outwear_52,Outwear
Outwear_53,Outwear
Outwear_54,Outwear
Outwear_55,Outwear
Outwear_56,Outwear
Outwear_57,Outwear
Outwear_58,Outwear
Outwear_59,Outwear
Outwear_60,Outwear
Outwear_61,Outwear
Outwear_62,Outwear
Outwear_63,Outwear
Outwear_64,Outwear
Outwear_65,Outwear
Outwear_66,Outwear
Outwear_67,Outwear
Outwear_68,Outwear
Outwear_69,Outwear
Outwear_70,Outwear
Outwear_71,Outwear
Outwear_72,Outwear
Outwear_73,Outwear
Outwear_74,Outwear
Outwear_75,Outwear
Outwear_76,Outwear
Outwear_77,Outwear
Outwear_78,Outwear
Outwear_79,Outwear
Outwear_80,Outwear
Outwear_81,Outwear
Outwear_82,Outwear
Outwear_83,Outwear
Outwear_84,Outwear
Outwear_85,Outwear
Outwear_86,Outwear
Outwear_87,Outwear
Outwear_88,Outwear
Outwear_89,Outwear
Outwear_90,Outwear
Outwear_91,Outwear
Outwear_92,Outwear
Outwear_93,Outwear
Outwear_94,Outwear
Outwear_95,Outwear
Outwear_96,Outwear
Outwear_97,Outwear
Outwear_98,Outwear
Outwear_99,Outwear
Outwear_100,Outwear
Outwear_101,Outwear
Outwear_102,Outwear
Outwear_103,Outwear
Outwear_104,Outwear
Outwear_105,Outwear
Outwear_106,Outwear
Outwear_107,Outwear
Outwear_108,Outwear
Outwear_109,Outwear
Outwear_110,Outwear
Outwear_111,Outwear
Outwear_112,Outwear
Outwear_113,Outwear
Outwear_114,Outwear
Outwear_115,Outwear
Outwear_116,Outwear
Outwear_117,Outwear
Outwear_118,Outwear
Outwear_119,Outwear
Outwear_120,Outwear
Outwear_121,Outwear
Outwear_122,Outwear
Outwear_123,Outwear
Outwear_124,Outwear
Outwear_125,Outwear
Outwear_126,Outwear
Outwear_127,Outwear
Outwear_128,Outwear
Outwear_129,Outwear
Outwear_130,Outwear
Outwear_131,Outwear
Outwear_132,Outwear
Outwear_133,Outwear
Outwear_134,Outwear
Outwear_135,Outwear
Outwear_136,Outwear
Outwear_137,Outwear
Outwear_138,Outwear
Outwear_139,Outwear
Outwear_140,Outwear
Outwear_141,Outwear
Outwear_142,Outwear
Outwear_143,Outwear
Outwear_144,Outwear
Outwear_145,Outwear
Outwear_146,Outwear
Outwear_147,Outwear
Outwear_148,Outwear
Outwear_149,Outwear
Outwear_150,Outwear
Outwear_151,Outwear
Outwear_152,Outwear
Outwear_153,Outwear
Outwear_154,Outwear
Outwear_155,Outwear
Outwear_156,Outwear
Outwear_157,Outwear
Outwear_158,Outwear
Outwear_159,Outwear
Outwear_160,Outwear
Outwear_161,Outwear
Outwear_162,Outwear
Outwear_163,Outwear
Outwear_164,Outwear
Outwear_165,Outwear
Outwear_166,Outwear
Outwear_167,Outwear
Outwear_168,Outwear
Outwear_169,Outwear
Outwear_170,Outwear
Outwear_171,Outwear
Outwear_172,Outwear
Outwear_173,Outwear
Outwear_174,Outwear
Outwear_175,Outwear
Outwear_176,Outwear
Outwear_177,Outwear
Outwear_178,Outwear
Outwear_179,Outwear
Outwear_180,Outwear
Outwear_181,Outwear
Outwear_182,Outwear
Outwear_183,Outwear
Outwear_184,Outwear
Outwear_185,Outwear
Outwear_186,Outwear
Outwear_187,Outwear
Outwear_188,Outwear
Outwear_189,Outwear
Outwear_190,Outwear
Outwear_191,Outwear
Outwear_192,Outwear
Outwear_193,Outwear
Outwear_194,Outwear
Outwear_195,Outwear
Outwear_196,Outwear
Outwear_197,Outwear
Outwear_198,Outwear
Outwear_199,Outwear
Outwear_200,Outwear
Outwear_201,Outwear
Outwear_202,Outwear
Outwear_203,Outwear
Outwear_204,Outwear
Outwear_205,Outwear
Outwear_206,Outwear
Outwear_207,Outwear
Outwear_208,Outwear
Outwear_209,Outwear
Outwear_210,Outwear
Outwear_211,Outwear
Outwear_212,Outwear
Outwear_213,Outwear
Outwear_214,Outwear
Outwear_215,Outwear
Outwear_216,Outwear
Outwear_217,Outwear
Outwear_218,Outwear
Outwear_219,Outwear
Outwear_220,Outwear
Outwear_221,Outwear
Outwear_222,Outwear
Outwear_223,Outwear
Outwear_224,Outwear
Outwear_225,Outwear
Outwear_226,Outwear
Outwear_227,Outwear
Outwear_228,Outwear
Outwear_229,Outwear
Outwear_230,Outwear
Outwear_231,Outwear
Outwear_232,Outwear
Outwear_233,Outwear
Outwear_234,Outwear
Outwear_235,Outwear
Outwear_236,Outwear
Outwear_237,Outwear
Outwear_238,Outwear
Outwear_239,Outwear
Outwear_240,Outwear
Outwear_241,Outwear
Outwear_242,Outwear
Outwear_243,Outwear
Outwear_244,Outwear
Outwear_245,Outwear
Outwear_246,Outwear
Outwear_247,Outwear
Outwear_248,Outwear
Outwear_249,Outwear
Outwear_250,Outwear
Outwear_251,Outwear
Outwear_252,Outwear
Outwear_253,Outwear
Outwear_254,Outwear
Outwear_255,Outwear
Outwear_256,Outwear
Outwear_257,Outwear
Outwear_258,Outwear
Outwear_259,Outwear
Outwear_260,Outwear
Outwear_261,Outwear
Outwear_262,Outwear
Outwear_263,Outwear
Outwear_264,Outwear
Outwear_265,Outwear
Outwear_266,Outwear
Outwear_267,Outwear
Outwear_268,Outwear
Outwear_269,Outwear
Outwear_270,Outwear
Outwear_271,Outwear
Outwear_272,Outwear
Outwear_273,Outwear
Outwear_274,Outwear
Outwear_275,Outwear
Outwear_276,Outwear
Outwear_277,Outwear
Outwear_278,Outwear
Outwear_279,Outwear
Outwear_280,Outwear
Outwear_281,Outwear
Outwear_282,Outwear
Outwear_283,Outwear
Outwear_284,Outwear
Outwear_285,Outwear
Outwear_286,Outwear
Outwear_287,Outwear
Outwear_288,Outwear
Outwear_289,Outwear
Outwear_290,Outwear
Outwear_291,Outwear
Outwear_292,Outwear
Outwear_293,Outwear
Outwear_294,Outwear
Outwear_295,Outwear
Outwear_296,Outwear
Outwear_297,Outwear
Outwear_298,Outwear
Outwear_299,Outwear
Outwear_300,Outwear
Outwear_301,Outwear
Outwear_302,Outwear
Outwear_303,Outwear
Outwear_304,Outwear
Outwear_305,Outwear
Outwear_306,Outwear
Outwear_307,Outwear
Outwear_308,Outwear
Outwear_309,Outwear
Outwear_310,Outwear
Outwear_311,Outwear
Outwear_312,Outwear
Outwear_313,Outwear
Outwear_314,Outwear
Outwear_315,Outwear
Outwear_316,Outwear
Outwear_317,Outwear
Outwear_318,Outwear
Outwear_319,Outwear
Outwear_320,Outwear
Outwear_321,Outwear
Outwear_322,Outwear
Outwear_323,Outwear
Outwear_324,Outwear
Outwear_325,Outwear
Outwear_326,Outwear
Outwear_327,Outwear
Outwear_328,Outwear
Outwear_329,Outwear
Outwear_330,Outwear
Outwear_331,Outwear
Outwear_332,Outwear
Outwear_333,Outwear
Outwear_334,Outwear
Outwear_335,Outwear
Outwear_336,Outwear
Outwear_337,Outwear
Outwear_338,Outwear
Outwear_339,Outwear
Outwear_340,Outwear
Outwear_341,Outwear
Outwear_342,Outwear
Outwear_343,Outwear
Outwear_344,Outwear
Outwear_345,Outwear
Outwear_346,Outwear
Outwear_347,Outwear
Outwear_348,Outwear
Outwear_349,Outwear
Outwear_350,Outwear
Outwear_351,Outwear
Outwear_352,Outwear
Outwear_353,Outwear
Outwear_354,Outwear
Outwear_355,Outwear
Outwear_356,Outwear
Outwear_357,Outwear
Outwear_358,Outwear
Outwear_359,Outwear
Outwear_360,Outwear
Outwear_361,Outwear
Outwear_362,Outwear
Outwear_363,Outwear
Outwear_364,Outwear
Outwear_365,Outwear
Outwear_366,Outwear
Outwear_367,Outwear
Outwear_368,Outwear
Pants_1,Pants
Pants_2,Pants
Pants_3,Pants
Pants_4,Pants
Pants_5,Pants
Pants_6,Pants
Pants_7,Pants
Pants_8,Pants
Pants_9,Pants
Pants_10,Pants
Pants_11,Pants
Pants_12,Pants
Pants_13,Pants
Pants_14,Pants
Pants_15,Pants
Pants_16,Pants
Pants_17,Pants
Pants_18,Pants
Pants_19,Pants
Pants_20,Pants
Pants_21,Pants
Pants_22,Pants
Pants_23,Pants
Pants_24,Pants
Pants_25,Pants
Pants_26,Pants
Pants_27,Pants
Pants_28,Pants
Pants_29,Pants
Pants_30,Pants
Pants_31,Pants
Pants_32,Pants
Pants_33,Pants
Pants_34,Pants
Pants_35,Pants
Pants_36,Pants
Pants_37,Pants
Pants_38,Pants
Pants_39,Pants
Pants_40,Pants
Pants_41,Pants
Pants_42,Pants
Pants_43,Pants
Pants_44,Pants
Pants_45,Pants
Pants_46,Pants
Pants_47,Pants
Pants_48,Pants
Pants_49,Pants
Pants_50,Pants
Pants_51,Pants
Pants_52,Pants
Pants_53,Pants
Pants_54,Pants
Pants_55,Pants
Pants_56,Pants
Pants_57,Pants
Pants_58,Pants
Pants_59,Pants
Pants_60,Pants
Pants_61,Pants
Pants_62,Pants
Pants_63,Pants
Pants_64,Pants
Pants_65,Pants
Pants_66,Pants
Pants_67,Pants
Pants_68,Pants
Pants_69,Pants
Pants_70,Pants
Pants_71,Pants
Pants_72,Pants
Pants_73,Pants
Pants_74,Pants
Pants_75,Pants
Pants_76,Pants
Pants_77,Pants
Pants_78,Pants
Pants_79,Pants
Pants_80,Pants
Pants_81,Pants
Pants_82,Pants
Pants_83,Pants
Pants_84,Pants
Pants_85,Pants
Pants_86,Pants
Pants_87,Pants
Pants_88,Pants
Pants_89,Pants
Pants_90,Pants
Pants_91,Pants
Pants_92,Pants
Pants_93,Pants
Pants_94,Pants
Pants_95,Pants
Pants_96,Pants
Pants_97,Pants
Pants_98,Pants
Pants_99,Pants
Pants_100,Pants
Pants_101,Pants
Pants_102,Pants
Pants_103,Pants
Pants_104,Pants
Pants_105,Pants
Pants_106,Pants
Pants_107,Pants
Pants_108,Pants
Pants_109,Pants
Pants_110,Pants
Pants_111,Pants
Pants_112,Pants
Pants_113,Pants
Pants_114,Pants
Pants_115,Pants
Pants_116,Pants
Pants_117,Pants
Pants_118,Pants
Pants_119,Pants
Pants_120,Pants
Pants_121,Pants
Pants_122,Pants
Pants_123,Pants
Pants_124,Pants
Pants_125,Pants
Pants_126,Pants
Pants_127,Pants
Pants_128,Pants
Pants_129,Pants
Pants_130,Pants
Pants_131,Pants
Pants_132,Pants
Pants_133,Pants
Pants_134,Pants
Pants_135,Pants
Pants_136,Pants
Pants_137,Pants
Pants_138,Pants
Pants_139,Pants
Pants_140,Pants
Pants_141,Pants
Pants_142,Pants
Pants_143,Pants
Pants_144,Pants
Pants_145,Pants
Pants_146,Pants
Pants_147,Pants
Pants_148,Pants
Pants_149,Pants
Pants_150,Pants
Pants_151,Pants
Pants_152,Pants
Pants_153,Pants
Pants_154,Pants
Pants_155,Pants
Pants_156,Pants
Pants_157,Pants
Pants_158,Pants
Pants_159,Pants
Pants_160,Pants
Pants_161,Pants
Pants_162,Pants
Pants_163,Pants
Pants_164,Pants
Pants_165,Pants
Pants_166,Pants
Pants_167,Pants
Pants_168,Pants
Pants_169,Pants
Pants_170,Pants
Pants_171,Pants
Pants_172,Pants
Pants_173,Pants
Pants_174,Pants
Pants_175,Pants
Pants_176,Pants
Pants_177,Pants
Pants_178,Pants
Pants_179,Pants
Pants_180,Pants
Pants_181,Pants
Pants_182,Pants
Pants_183,Pants
Pants_184,Pants
Pants_185,Pants
Pants_186,Pants
Pants_187,Pants
Pants_188,Pants
Pants_189,Pants
Pants_190,Pants
Pants_191,Pants
Pants_192,Pants
Pants_193,Pants
Pants_194,Pants
Pants_195,Pants
Pants_196,Pants
Pants_197,Pants
Pants_198,Pants
Pants_199,Pants
Pants_200,Pants
Pants_201,Pants
Pants_202,Pants
Pants_203,Pants
Pants_204,Pants
Pants_205,Pants
Pants_206,Pants
Pants_207,Pants
Pants_208,Pants
Pants_209,Pants
Pants_210,Pants
Pants_211,Pants
Pants_212,Pants
Pants_213,Pants
Pants_214,Pants
Pants_215,Pants
Pants_216,Pants
Pants_217,Pants
Pants_218,Pants
Pants_219,Pants
Pants_220,Pants
Pants_221,Pants
Pants_222,Pants
Pants_223,Pants
Pants_224,Pants
Pants_225,Pants
Pants_226,Pants
Pants_227,Pants
Pants_228,Pants
Pants_229,Pants
Pants_230,Pants
Pants_231,Pants
Pants_232,Pants
Pants_233,Pants
Pants_234,Pants
Pants_235,Pants
Pants_236,Pants
Pants_237,Pants
Pants_238,Pants
Pants_239,Pants
Pants_240,Pants
Pants_241,Pants
Pants_242,Pants
Pants_243,Pants
Pants_244,Pants
Pants_245,Pants
Pants_246,Pants
Pants_247,Pants
Pants_248,Pants
Pants_249,Pants
Pants_250,Pants
Pants_251,Pants
Pants_252,Pants
Pants_253,Pants
Pants_254,Pants
Pants_255,Pants
Pants_256,Pants
Pants_257,Pants
Pants_258,Pants
Pants_259,Pants
Pants_260,Pants
Pants_261,Pants
Pants_262,Pants
Pants_263,Pants
Pants_264,Pants
Pants_265,Pants
Pants_266,Pants
Pants_267,Pants
Pants_268,Pants
Pants_269,Pants
Pants_270,Pants
Pants_271,Pants
Pants_272,Pants
Pants_273,Pants
Pants_274,Pants
Pants_275,Pants
Pants_276,Pants
Pants_277,Pants
Pants_278,Pants
Pants_279,Pants
Pants_280,Pants
Pants_281,Pants
Pants_282,Pants
Pants_283,Pants
Pants_284,Pants
Pants_285,Pants
Pants_286,Pants
Pants_287,Pants
Pants_288,Pants
Pants_289,Pants
Pants_290,Pants
Pants_291,Pants
Pants_292,Pants
Pants_293,Pants
Pants_294,Pants
Pants_295,Pants
Pants_296,Pants
Pants_297,Pants
Pants_298,Pants
Pants_299,Pants
Pants_300,Pants
Pants_301,Pants
Pants_302,Pants
Pants_303,Pants
Pants_304,Pants
Pants_305,Pants
Pants_306,Pants
Pants_307,Pants
Pants_308,Pants
Pants_309,Pants
Pants_310,Pants
Pants_311,Pants
Pants_312,Pants
Pants_313,Pants
Pants_314,Pants
Pants_315,Pants
Pants_316,Pants
Pants_317,Pants
Pants_318,Pants
Pants_319,Pants
Pants_320,Pants
Pants_321,Pants
Pants_322,Pants
Pants_323,Pants
Pants_324,Pants
Pants_325,Pants
Pants_326,Pants
Pants_327,Pants
Pants_328,Pants
Pants_329,Pants
Pants_330,Pants
Pants_331,Pants
Pants_332,Pants
Pants_333,Pants
Pants_334,Pants
Pants_335,Pants
Pants_336,Pants
Pants_337,Pants
Pants_338,Pants
Pants_339,Pants
Pants_340,Pants
Pants_341,Pants
Pants_342,Pants
Pants_343,Pants
Pants_344,Pants
Pants_345,Pants
Pants_346,Pants
Pants_347,Pants
Pants_348,Pants
Pants_349,Pants
Pants_350,Pants
Pants_351,Pants
Pants_352,Pants
Pants_353,Pants
Pants_354,Pants
Pants_355,Pants
Pants_356,Pants
Pants_357,Pants
Pants_358,Pants
Pants_359,Pants
Pants_360,Pants
Pants_361,Pants
Pants_362,Pants
Pants_363,Pants
Pants_364,Pants
Pants_365,Pants
Pants_366,Pants
Pants_367,Pants
Pants_368,Pants
Pants_369,Pants
Pants_370,Pants
Pants_371,Pants
Pants_372,Pants
Pants_373,Pants
Pants_374,Pants
Pants_375,Pants
Pants_376,Pants
Pants_377,Pants
Pants_378,Pants
Pants_379,Pants
Pants_380,Pants
Pants_381,Pants
Pants_382,Pants
Pants_383,Pants
Pants_384,Pants
Pants_385,Pants
Pants_386,Pants
Pants_387,Pants
Pants_388,Pants
Pants_389,Pants
Pants_390,Pants
Pants_391,Pants
Pants_392,Pants
Pants_393,Pants
Pants_394,Pants
Pants_395,Pants
Pants_396,Pants
Pants_397,Pants
Pants_398,Pants
Pants_399,Pants
Pants_400,Pants
Pants_401,Pants
Pants_402,Pants
Pants_403,Pants
Pants_404,Pants
Pants_405,Pants
Pants_406,Pants
Pants_407,Pants
Pants_408,Pants
Pants_409,Pants
Pants_410,Pants
Pants_411,Pants
Pants_412,Pants
Pants_413,Pants
Pants_414,Pants
Pants_415,Pants
Pants_416,Pants
Pants_417,Pants
Pants_418,Pants
Pants_419,Pants
Pants_420,Pants
Pants_421,Pants
Pants_422,Pants
Pants_423,Pants
Pants_424,Pants
Pants_425,Pants
Pants_426,Pants
Pants_427,Pants
Pants_428,Pants
Pants_429,Pants
Pants_430,Pants
Skirt_1,Skirt
Skirt_2,Skirt
Skirt_3,Skirt
Skirt_4,Skirt
Skirt_5,Skirt
Skirt_6,Skirt
Skirt_7,Skirt
Skirt_8,Skirt
Skirt_9,Skirt
Skirt_10,Skirt
Skirt_11,Skirt
Skirt_12,Skirt
Skirt_13,Skirt
Skirt_14,Skirt
Skirt_15,Skirt
Skirt_16,Skirt
Skirt_17,Skirt
Skirt_18,Skirt
Skirt_19,Skirt
Skirt_20,Skirt
Skirt_21,Skirt
Skirt_22,Skirt
Skirt_23,Skirt
Skirt_24,Skirt
Skirt_25,Skirt
Skirt_26,Skirt
Skirt_27,Skirt
Skirt_28,Skirt
Skirt_29,Skirt
Skirt_30,Skirt
Skirt_31,Skirt
Skirt_32,Skirt
Skirt_33,Skirt
Skirt_34,Skirt
Skirt_35,Skirt
Skirt_36,Skirt
Skirt_37,Skirt
Skirt_38,Skirt
Skirt_39,Skirt
Skirt_40,Skirt
Skirt_41,Skirt
Skirt_42,Skirt
Skirt_43,Skirt
Skirt_44,Skirt
Skirt_45,Skirt
Skirt_46,Skirt
Skirt_47,Skirt
Skirt_48,Skirt
Skirt_49,Skirt
Skirt_50,Skirt
Skirt_51,Skirt
Skirt_52,Skirt
Skirt_53,Skirt
Skirt_54,Skirt
Skirt_55,Skirt
Skirt_56,Skirt
Skirt_57,Skirt
Skirt_58,Skirt
Skirt_59,Skirt
Skirt_60,Skirt
Skirt_61,Skirt
Skirt_62,Skirt
Skirt_63,Skirt
Skirt_64,Skirt
Skirt_65,Skirt
Skirt_66,Skirt
Skirt_67,Skirt
Skirt_68,Skirt
Skirt_69,Skirt
Skirt_70,Skirt
Skirt_71,Skirt
Skirt_72,Skirt
Skirt_73,Skirt
Skirt_74,Skirt
Skirt_75,Skirt
Skirt_76,Skirt
Skirt_77,Skirt
Skirt_78,Skirt
Skirt_79,Skirt
Skirt_80,Skirt
Skirt_81,Skirt
Skirt_82,Skirt
Skirt_83,Skirt
Skirt_84,Skirt
Skirt_85,Skirt
Skirt_86,Skirt
Skirt_87,Skirt
Skirt_88,Skirt
Skirt_89,Skirt
Skirt_90,Skirt
Skirt_91,Skirt
Skirt_92,Skirt
Skirt_93,Skirt
Skirt_94,Skirt
Skirt_95,Skirt
Skirt_96,Skirt
Skirt_97,Skirt
Skirt_98,Skirt
Skirt_99,Skirt
Skirt_100,Skirt
Skirt_101,Skirt
Skirt_102,Skirt
Skirt_103,Skirt
Skirt_104,Skirt
Skirt_105,Skirt
Skirt_106,Skirt
Skirt_107,Skirt
Skirt_108,Skirt
Skirt_109,Skirt
Skirt_110,Skirt
Skirt_111,Skirt
Skirt_112,Skirt
Skirt_113,Skirt
Skirt_114,Skirt
Skirt_115,Skirt
Skirt_116,Skirt
Skirt_117,Skirt
Skirt_118,Skirt
Skirt_119,Skirt
Skirt_120,Skirt
Skirt_121,Skirt
Skirt_122,Skirt
Skirt_123,Skirt
Skirt_124,Skirt
Skirt_125,Skirt
Skirt_126,Skirt
Skirt_127,Skirt
Skirt_128,Skirt
Skirt_129,Skirt
Skirt_130,Skirt
Skirt_131,Skirt
Skirt_132,Skirt
Skirt_133,Skirt
Skirt_134,Skirt
Skirt_135,Skirt
Skirt_136,Skirt
Skirt_137,Skirt
Skirt_138,Skirt
Skirt_139,Skirt
Skirt_140,Skirt
Skirt_141,Skirt
Skirt_142,Skirt
Skirt_143,Skirt
Skirt_144,Skirt
Skirt_145,Skirt
Skirt_146,Skirt
Skirt_147,Skirt
Skirt_148,Skirt
Skirt_149,Skirt
Skirt_150,Skirt
Skirt_151,Skirt
Skirt_152,Skirt
Skirt_153,Skirt
Skirt_154,Skirt
Skirt_155,Skirt
Skirt_156,Skirt
Skirt_157,Skirt
Skirt_158,Skirt
Skirt_159,Skirt
Skirt_160,Skirt
Skirt_161,Skirt
Skirt_162,Skirt
Skirt_163,Skirt
Skirt_164,Skirt
Skirt_165,Skirt
Skirt_166,Skirt
Skirt_167,Skirt
Skirt_168,Skirt
Skirt_169,Skirt
Skirt_170,Skirt
Skirt_171,Skirt
Skirt_172,Skirt
Skirt_173,Skirt
Skirt_174,Skirt
Skirt_175,Skirt
Skirt_176,Skirt
Skirt_177,Skirt
Skirt_178,Skirt
Skirt_179,Skirt
Skirt_180,Skirt
Skirt_181,Skirt
Skirt_182,Skirt
Skirt_183,Skirt
Skirt_184,Skirt
Skirt_185,Skirt
Skirt_186,Skirt
Skirt_187,Skirt
Skirt_188,Skirt
Skirt_189,Skirt
Skirt_190,Skirt
Skirt_191,Skirt
Skirt_192,Skirt
Skirt_193,Skirt
Skirt_194,Skirt
Skirt_195,Skirt
Skirt_196,Skirt
Skirt_197,Skirt
Skirt_198,Skirt
Skirt_199,Skirt
Skirt_200,Skirt
Skirt_201,Skirt
Skirt_202,Skirt
Skirt_203,Skirt
Skirt_204,Skirt
Skirt_205,Skirt
Skirt_206,Skirt
Skirt_207,Skirt
Skirt_208,Skirt
Skirt_209,Skirt
Skirt_210,Skirt
Skirt_211,Skirt
Skirt_212,Skirt
Skirt_213,Skirt
Skirt_214,Skirt
Skirt_215,Skirt
Skirt_216,Skirt
Skirt_217,Skirt
Skirt_218,Skirt
Skirt_219,Skirt
Skirt_220,Skirt
Skirt_221,Skirt
Skirt_222,Skirt
Skirt_223,Skirt
Skirt_224,Skirt
Skirt_225,Skirt
Skirt_226,Skirt
Skirt_227,Skirt
Skirt_228,Skirt
Skirt_229,Skirt
Skirt_230,Skirt
Skirt_231,Skirt
Skirt_232,Skirt
Skirt_233,Skirt
Skirt_234,Skirt
Skirt_235,Skirt
Skirt_236,Skirt
Skirt_237,Skirt
Skirt_238,Skirt
Skirt_239,Skirt
Skirt_240,Skirt
Skirt_241,Skirt
Skirt_242,Skirt
Skirt_243,Skirt
Skirt_244,Skirt
Skirt_245,Skirt
Skirt_246,Skirt
Skirt_247,Skirt
Skirt_248,Skirt
Skirt_249,Skirt
Skirt_250,Skirt
Skirt_251,Skirt
Skirt_252,Skirt
Skirt_253,Skirt
Skirt_254,Skirt
Skirt_255,Skirt
Skirt_256,Skirt
Skirt_257,Skirt
Skirt_258,Skirt
Skirt_259,Skirt
Skirt_260,Skirt
Skirt_261,Skirt
Skirt_262,Skirt
Skirt_263,Skirt
Skirt_264,Skirt
Skirt_265,Skirt
Skirt_266,Skirt
Skirt_267,Skirt
Skirt_268,Skirt
Skirt_269,Skirt
Skirt_270,Skirt
Skirt_271,Skirt
Skirt_272,Skirt
Skirt_273,Skirt
Skirt_274,Skirt
Skirt_275,Skirt
Skirt_276,Skirt
Skirt_277,Skirt
Skirt_278,Skirt
Skirt_279,Skirt
Skirt_280,Skirt
Skirt_281,Skirt
Skirt_282,Skirt
Skirt_283,Skirt
Skirt_284,Skirt
Skirt_285,Skirt
Skirt_286,Skirt
Skirt_287,Skirt
Skirt_288,Skirt
Dress_1,Dress
Dress_2,Dress
Dress_3,Dress
Dress_4,Dress
Dress_5,Dress
Dress_6,Dress
Dress_7,Dress
Dress_8,Dress
Dress_9,Dress
Dress_10,Dress
Dress_11,Dress
Dress_12,Dress
Dress_13,Dress
Dress_14,Dress
Dress_15,Dress
Dress_16,Dress
Dress_17,Dress
Dress_18,Dress
Dress_19,Dress
Dress_20,Dress
Dress_21,Dress
Dress_22,Dress
Dress_23,Dress
Dress_24,Dress
Dress_25,Dress
Dress_26,Dress
Dress_27,Dress
Dress_28,Dress
Dress_29,Dress
Dress_30,Dress
Dress_31,Dress
Dress_32,Dress
Dress_33,Dress
Dress_34,Dress
Dress_35,Dress
Dress_36,Dress
Dress_37,Dress
Dress_38,Dress
Dress_39,Dress
Dress_40,Dress
Dress_41,Dress
Dress_42,Dress
Dress_43,Dress
Dress_44,Dress
Dress_45,Dress
Dress_46,Dress
Dress_47,Dress
Dress_48,Dress
Dress_49,Dress
Dress_50,Dress
Dress_51,Dress
Dress_52,Dress
Dress_53,Dress
Dress_54,Dress
Dress_55,Dress
Dress_56,Dress
Dress_57,Dress
Dress_58,Dress
Dress_59,Dress
Dress_60,Dress
Dress_61,Dress
Dress_62,Dress
Dress_63,Dress
Dress_64,Dress
Dress_65,Dress
Dress_66,Dress
Dress_67,Dress
Dress_68,Dress
Dress_69,Dress
Dress_70,Dress
Dress_71,Dress
Dress_72,Dress
Dress_73,Dress
Dress_74,Dress
Dress_75,Dress
Dress_76,Dress
Dress_77,Dress
Dress_78,Dress
Dress_79,Dress
Dress_80,Dress
Dress_81,Dress
Dress_82,Dress
Dress_83,Dress
Dress_84,Dress
Dress_85,Dress
Dress_86,Dress
Dress_87,Dress
Dress_88,Dress
Dress_89,Dress
Dress_90,Dress
Dress_91,Dress
Dress_92,Dress
Dress_93,Dress
Dress_94,Dress
Dress_95,Dress
Dress_96,Dress
Dress_97,Dress
Dress_98,Dress
Dress_99,Dress
Dress_100,Dress
Dress_101,Dress
Dress_102,Dress
Dress_103,Dress
Dress_104,Dress
Dress_105,Dress
Dress_106,Dress
Dress_107,Dress
Dress_108,Dress
Dress_109,Dress
Dress_110,Dress
Dress_111,Dress
Dress_112,Dress
Dress_113,Dress
Dress_114,Dress
Dress_115,Dress
Dress_116,Dress
Dress_117,Dress
Dress_118,Dress
Dress_119,Dress
Dress_120,Dress
Dress_121,Dress
Dress_122,Dress
Dress_123,Dress
Dress_124,Dress
Dress_125,Dress
Dress_126,Dress
Dress_127,Dress
Dress_128,Dress
Dress_129,Dress
Dress_130,Dress
Dress_131,Dress
Dress_132,Dress
Dress_133,Dress
Dress_134,Dress
Dress_135,Dress
Dress_136,Dress
Dress_137,Dress
Dress_138,Dress
Dress_139,Dress
Dress_140,Dress
Dress_141,Dress
Dress_142,Dress
Dress_143,Dress
Dress_144,Dress
Dress_145,Dress
Dress_146,Dress
Dress_147,Dress
Dress_148,Dress
Dress_149,Dress
Dress_150,Dress
Dress_151,Dress
Dress_152,Dress
Dress_153,Dress
Dress_154,Dress
Dress_155,Dress
Dress_156,Dress
Dress_157,Dress
Dress_158,Dress
Dress_159,Dress
Dress_160,Dress
Dress_161,Dress
Dress_162,Dress
Dress_163,Dress
Dress_164,Dress
Dress_165,Dress
Dress_166,Dress
Dress_167,Dress
Dress_168,Dress
Dress_169,Dress
Dress_170,Dress
Dress_171,Dress
Dress_172,Dress
Dress_173,Dress
Dress_174,Dress
Dress_175,Dress
Dress_176,Dress
Dress_177,Dress
Dress_178,Dress
Dress_179,Dress
Dress_180,Dress
Dress_181,Dress
Dress_182,Dress
Dress_183,Dress
Dress_184,Dress
Dress_185,Dress
Dress_186,Dress
Dress_187,Dress
Dress_188,Dress
Dress_189,Dress
Dress_190,Dress
Dress_191,Dress
Dress_192,Dress
Dress_193,Dress
Dress_194,Dress
Dress_195,Dress
Dress_196,Dress
Dress_197,Dress
Dress_198,Dress
Dress_199,Dress
Dress_200,Dress
Dress_201,Dress
Dress_202,Dress
Dress_203,Dress
Dress_204,Dress
Dress_205,Dress
Dress_206,Dress
Dress_207,Dress
Dress_208,Dress
Dress_209,Dress
Dress_210,Dress
Dress_211,Dress
Dress_212,Dress
Dress_213,Dress
Dress_214,Dress
Dress_215,Dress
Dress_216,Dress
Dress_217,Dress
Dress_218,Dress
Dress_219,Dress
Dress_220,Dress
Dress_221,Dress
Dress_222,Dress
Dress_223,Dress
Dress_224,Dress
Dress_225,Dress
Dress_226,Dress
Dress_227,Dress
Dress_228,Dress
Dress_229,Dress
Dress_230,Dress
Dress_231,Dress
Dress_232,Dress
Dress_233,Dress
Dress_234,Dress
Dress_235,Dress
Dress_236,Dress
Dress_237,Dress
Dress_238,Dress
Dress_239,Dress
Dress_240,Dress
Dress_241,Dress
Dress_242,Dress
Dress_243,Dress
Dress_244,Dress
Dress_245,Dress
Dress_246,Dress
Dress_247,Dress
Dress_248,Dress
Dress_249,Dress
Dress_250,Dress
Dress_251,Dress
Dress_252,Dress
Dress_253,Dress
Dress_254,Dress
Dress_255,Dress
Dress_256,Dress
Dress_257,Dress
Dress_258,Dress
Dress_259,Dress
Dress_260,Dress
Dress_261,Dress
Dress_262,Dress
Dress_263,Dress
Dress_264,Dress
Dress_265,Dress
Dress_266,Dress
Dress_267,Dress
Dress_268,Dress
Dress_269,Dress
Dress_270,Dress
Dress_271,Dress
Dress_272,Dress
Dress_273,Dress
Dress_274,Dress
Dress_275,Dress
Dress_276,Dress
Dress_277,Dress
Dress_278,Dress
Dress_279,Dress
Dress_280,Dress
Dress_281,Dress
Dress_282,Dress
Dress_283,Dress
Dress_284,Dress
Dress_285,Dress
Dress_286,Dress
Dress_287,Dress
Dress_288,Dress
Dress_289,Dress
Dress_290,Dress
Dress_291,Dress
Dress_292,Dress
Dress_293,Dress
Dress_294,Dress
Dress_295,Dress
Dress_296,Dress
Dress_297,Dress
Dress_298,Dress
Dress_299,Dress
Dress_300,Dress
Dress_301,Dress
Dress_302,Dress
Dress_303,Dress
Dress_304,Dress
Dress_305,Dress
Dress_306,Dress
Dress_307,Dress
Dress_308,Dress
Dress_309,Dress
Dress_310,Dress
Dress_311,Dress
Dress_312,Dress
Dress_313,Dress
Dress_314,Dress
Dress_315,Dress
Dress_316,Dress
Dress_317,Dress
Dress_318,Dress
Dress_319,Dress
Dress_320,Dress
Dress_321,Dress
Dress_322,Dress
Dress_323,Dress
Dress_324,Dress
Dress_325,Dress
Dress_326,Dress
Dress_327,Dress
Dress_328,Dress
Dress_329,Dress
Dress_330,Dress
Dress_331,Dress
Dress_332,Dress
Dress_333,Dress
Dress_334,Dress
Dress_335,Dress
Dress_336,Dress
Dress_337,Dress
Dress_338,Dress
Dress_339,Dress
Dress_340,Dress
Dress_341,Dress
Dress_342,Dress
Dress_343,Dress
Dress_344,Dress
Dress_345,Dress
Dress_346,Dress
Dress_347,Dress
Dress_348,Dress
Dress_349,Dress
Dress_350,Dress
Dress_351,Dress
Dress_352,Dress
Dress_353,Dress
Dress_354,Dress
Dress_355,Dress
Dress_356,Dress
Dress_357,Dress
Dress_358,Dress
Dress_359,Dress
Dress_360,Dress
Dress_361,Dress
Dress_362,Dress
Dress_363,Dress
Dress_364,Dress
Dress_365,Dress
Dress_366,Dress
Dress_367,Dress
Dress_368,Dress
Dress_369,Dress
Dress_370,Dress
Dress_371,Dress
Dress_372,Dress
Dress_373,Dress
Dress_374,Dress
Dress_375,Dress
Dress_376,Dress
Dress_377,Dress
Dress_378,Dress
Dress_379,Dress
Dress_380,Dress
Dress_381,Dress
Dress_382,Dress
Dress_383,Dress
Dress_384,Dress
Dress_385,Dress
Dress_386,Dress
Dress_387,Dress
Dress_388,Dress
Dress_389,Dress
Dress_390,Dress
Dress_391,Dress
Dress_392,Dress
Dress_393,Dress
Dress_394,Dress
Dress_395,Dress
Dress_396,Dress
Dress_397,Dress
Dress_398,Dress
Blazer_1,Blazer
Blazer_2,Blazer
Blazer_3,Blazer
Blazer_4,Blazer
Blazer_5,Blazer
Blazer_6,Blazer
Blazer_7,Blazer
Blazer_8,Blazer
Blazer_9,Blazer
Blazer_10,Blazer
Blazer_11,Blazer
Blazer_12,Blazer
Blazer_13,Blazer
Blazer_14,Blazer
Blazer_15,Blazer
Blazer_16,Blazer
Blazer_17,Blazer
Blazer_18,Blazer
Blazer_19,Blazer
Blazer_20,Blazer
Blazer_21,Blazer
Blazer_22,Blazer
Blazer_23,Blazer
Blazer_24,Blazer
Blazer_25,Blazer
Blazer_26,Blazer
Blazer_27,Blazer
Blazer_28,Blazer
Blazer_29,Blazer
Blazer_30,Blazer
Blazer_31,Blazer
Blazer_32,Blazer
Blazer_33,Blazer
Blazer_34,Blazer
Blazer_35,Blazer
Blazer_36,Blazer
Blazer_37,Blazer
Blazer_38,Blazer
Blazer_39,Blazer
Blazer_40,Blazer
Blazer_41,Blazer
Blazer_42,Blazer
Blazer_43,Blazer
Blazer_44,Blazer
Blazer_45,Blazer
Blazer_46,Blazer
Blazer_47,Blazer
Blazer_48,Blazer
Blazer_49,Blazer
Blazer_50,Blazer
Blazer_51,Blazer
Blazer_52,Blazer
Blazer_53,Blazer
Blazer_54,Blazer
Blazer_55,Blazer
Blazer_56,Blazer
Blazer_57,Blazer
Blazer_58,Blazer
Blazer_59,Blazer
Blazer_60,Blazer
Blazer_61,Blazer
Blazer_62,Blazer
Blazer_63,Blazer
Blazer_64,Blazer
Blazer_65,Blazer
Blazer_66,Blazer
Blazer_67,Blazer
Blazer_68,Blazer
Blazer_69,Blazer
Blazer_70,Blazer
Blazer_71,Blazer
Blazer_72,Blazer
Blazer_73,Blazer
Blazer_74,Blazer
Blazer_75,Blazer
Blazer_76,Blazer
Blazer_77,Blazer
Blazer_78,Blazer
Blazer_79,Blazer
Blazer_80,Blazer
Blazer_81,Blazer
Blazer_82,Blazer
Blazer_83,Blazer
Blazer_84,Blazer
Blazer_85,Blazer
Blazer_86,Blazer
Blazer_87,Blazer
Blazer_88,Blazer
Blazer_89,Blazer
Blazer_90,Blazer
Blazer_91,Blazer
Blazer_92,Blazer
Blazer_93,Blazer
Blazer_94,Blazer
Blazer_95,Blazer
Blazer_96,Blazer
Blazer_97,Blazer
Blazer_98,Blazer
Blazer_99,Blazer
Blazer_100,Blazer
Blazer_101,Blazer
Blazer_102,Blazer
Blazer_103,Blazer
Blazer_104,Blazer
Blazer_105,Blazer
Blazer_106,Blazer
Blazer_107,Blazer
Blazer_108,Blazer
Blazer_109,Blazer
Blazer_110,Blazer
Blazer_111,Blazer
Blazer_112,Blazer
Blazer_113,Blazer
Blazer_114,Blazer
Blazer_115,Blazer
Blazer_116,Blazer
Blazer_117,Blazer
Blazer_118,Blazer
Blazer_119,Blazer
Blazer_120,Blazer
Blazer_121,Blazer
Blazer_122,Blazer
Blazer_123,Blazer
Blazer_124,Blazer
Blazer_125,Blazer
Blazer_126,Blazer
Blazer_127,Blazer
Blazer_128,Blazer
Blazer_129,Blazer
Blazer_130,Blazer
Blazer_131,Blazer
Blazer_132,Blazer
Blazer_133,Blazer
Blazer_134,Blazer
Blazer_135,Blazer
Blazer_136,Blazer
Blazer_137,Blazer
Blazer_138,Blazer
Blazer_139,Blazer
Blazer_140,Blazer
Blazer_141,Blazer
Blazer_142,Blazer
Blazer_143,Blazer
Blazer_144,Blazer
Blazer_145,Blazer
Blazer_146,Blazer
Blazer_147,Blazer
Blazer_148,Blazer
Blazer_149,Blazer
Blazer_150,Blazer
Blazer_151,Blazer
Blazer_152,Blazer
Blazer_153,Blazer
Blazer_154,Blazer
Blazer_155,Blazer
Blazer_156,Blazer
Blazer_157,Blazer
Blazer_158,Blazer
Blazer_159,Blazer
Blazer_160,Blazer
Blazer_161,Blazer
Blazer_162,Blazer
Blazer_163,Blazer
Blazer_164,Blazer
Blazer_165,Blazer
Blazer_166,Blazer
Blazer_167,Blazer
Blazer_168,Blazer
Blazer_169,Blazer
Blazer_170,Blazer
Blazer_171,Blazer
Blazer_172,Blazer
Blazer_173,Blazer
Blazer_174,Blazer
Blazer_175,Blazer
Blazer_176,Blazer
Blazer_177,Blazer
Blazer_178,Blazer
Blazer_179,Blazer
Blazer_180,Blazer
Blazer_181,Blazer
Blazer_182,Blazer
Blazer_183,Blazer
Blazer_184,Blazer
Blazer_185,Blazer
Blazer_186,Blazer
Blazer_187,Blazer
Blazer_188,Blazer
Blazer_189,Blazer
Blazer_190,Blazer
Blazer_191,Blazer
Blazer_192,Blazer
Blazer_193,Blazer
Blazer_194,Blazer
Blazer_195,Blazer
Blazer_196,Blazer
Blazer_197,Blazer
Blazer_198,Blazer
Blazer_199,Blazer
Blazer_200,Blazer
Blazer_201,Blazer
Blazer_202,Blazer
Blazer_203,Blazer
Blazer_204,Blazer
Blazer_205,Blazer
Blazer_206,Blazer
Blazer_207,Blazer
Blazer_208,Blazer
Blazer_209,Blazer
Blazer_210,Blazer
Blazer_211,Blazer
Blazer_212,Blazer
Blazer_213,Blazer
Blazer_214,Blazer
Blazer_215,Blazer
Blazer_216,Blazer
Blazer_217,Blazer
Blazer_218,Blazer
Blazer_219,Blazer
Blazer_220,Blazer
Blazer_221,Blazer
Blazer_222,Blazer
Blazer_223,Blazer
Blazer_224,Blazer
Blazer_225,Blazer
Blazer_226,Blazer
Blazer_227,Blazer
Blazer_228,Blazer
Blazer_229,Blazer
Blazer_230,Blazer
Blazer_231,Blazer
Blazer_232,Blazer
Blazer_233,Blazer
Blazer_234,Blazer
Blazer_235,Blazer
Blazer_236,Blazer
Blazer_237,Blazer
Blazer_238,Blazer
Blazer_239,Blazer
Blazer_240,Blazer
Blazer_241,Blazer
Blazer_242,Blazer
Blazer_243,Blazer
Blazer_244,Blazer
Blazer_245,Blazer
Blazer_246,Blazer
Blazer_247,Blazer
Blazer_248,Blazer
Blazer_249,Blazer
Blazer_250,Blazer
Blazer_251,Blazer
Blazer_252,Blazer
Blazer_253,Blazer
Blazer_254,Blazer
Blazer_255,Blazer
Blazer_256,Blazer
Blazer_257,Blazer
Blazer_258,Blazer
Blazer_259,Blazer
Blazer_260,Blazer
Blazer_261,Blazer
Blazer_262,Blazer
Blazer_263,Blazer
Blazer_264,Blazer
Blazer_265,Blazer
Blazer_266,Blazer
Blazer_267,Blazer
Blazer_268,Blazer
Blazer_269,Blazer
Blazer_270,Blazer
Blazer_271,Blazer
Blazer_272,Blazer
Blazer_273,Blazer
Blazer_274,Blazer
Blazer_275,Blazer
Blazer_276,Blazer
Blazer_277,Blazer
Blazer_278,Blazer
Blazer_279,Blazer
Shorts_1,Shorts
Shorts_2,Shorts
Shorts_3,Shorts
Shorts_4,Shorts
Shorts_5,Shorts
Shorts_6,Shorts
Shorts_7,Shorts
Shorts_8,Shorts
Shorts_9,Shorts
Shorts_10,Shorts
Shorts_11,Shorts
Shorts_12,Shorts
Shorts_13,Shorts
Shorts_14,Shorts
Shorts_15,Shorts
Shorts_16,Shorts
Shorts_17,Shorts
Shorts_18,Shorts
Shorts_19,Shorts
Shorts_20,Shorts
Shorts_21,Shorts
Shorts_22,Shorts
Shorts_23,Shorts
Shorts_24,Shorts
Shorts_25,Shorts
Shorts_26,Shorts
Shorts_27,Shorts
Shorts_28,Shorts
Shorts_29,Shorts
Shorts_30,Shorts
Shorts_31,Shorts
Shorts_32,Shorts
Shorts_33,Shorts
Shorts_34,Shorts
Shorts_35,Shorts
Shorts_36,Shorts
Shorts_37,Shorts
Shorts_38,Shorts
Shorts_39,Shorts
Shorts_40,Shorts
Shorts_41,Shorts
Shorts_42,Shorts
Shorts_43,Shorts
Shorts_44,Shorts
Shorts_45,Shorts
Shorts_46,Shorts
Shorts_47,Shorts
Shorts_48,Shorts
Shorts_49,Shorts
Shorts_50,Shorts
Shorts_51,Shorts
Shorts_52,Shorts
Shorts_53,Shorts
Shorts_54,Shorts
Shorts_55,Shorts
Shorts_56,Shorts
Shorts_57,Shorts
Shorts_58,Shorts
Shorts_59,Shorts
Shorts_60,Shorts
Shorts_61,Shorts
Shorts_62,Shorts
Shorts_63,Shorts
Shorts_64,Shorts
Shorts_65,Shorts
Shorts_66,Shorts
Shorts_67,Shorts
Shorts_68,Shorts
Shorts_69,Shorts
Shorts_70,Shorts
Shorts_71,Shorts
Shorts_72,Shorts
Shorts_73,Shorts
Shorts_74,Shorts
Shorts_75,Shorts
Shorts_76,Shorts
Shorts_77,Shorts
Shorts_78,Shorts
Shorts_79,Shorts
Shorts_80,Shorts
Shorts_81,Shorts
Shorts_82,Shorts
Shorts_83,Shorts
Shorts_84,Shorts
Shorts_85,Shorts
Shorts_86,Shorts
Shorts_87,Shorts
Shorts_88,Shorts
Shorts_89,Shorts
Shorts_90,Shorts
Shorts_91,Shorts
Shorts_92,Shorts
Shorts_93,Shorts
Shorts_94,Shorts
Shorts_95,Shorts
Shorts_96,Shorts
Shorts_97,Shorts
Shorts_98,Shorts
Shorts_99,Shorts
Shorts_100,Shorts
Shorts_101,Shorts
Shorts_102,Shorts
Shorts_103,Shorts
Shorts_104,Shorts
Shorts_105,Shorts
Shorts_106,Shorts
Shorts_107,Shorts
Shorts_108,Shorts
Shorts_109,Shorts
Shorts_110,Shorts
Shorts_111,Shorts
Shorts_112,Shorts
Shorts_113,Shorts
Shorts_114,Shorts
Shorts_115,Shorts
Shorts_116,Shorts
Shorts_117,Shorts
Shorts_118,Shorts
Shorts_119,Shorts
Shorts_120,Shorts
Shorts_121,Shorts
Shorts_122,Shorts
Shorts_123,Shorts
Shorts_124,Shorts
Shorts_125,Shorts
Shorts_126,Shorts
Shorts_127,Shorts
Shorts_128,Shorts
Shorts_129,Shorts
Shorts_130,Shorts
Shorts_131,Shorts
Shorts_132,Shorts
Shorts_133,Shorts
Shorts_134,Shorts
Shorts_135,Shorts
Shorts_136,Shorts
Shorts_137,Shorts
Shorts_138,Shorts
Shorts_139,Shorts
Shorts_140,Shorts
Shorts_141,Shorts
Shorts_142,Shorts
Shorts_143,Shorts
Shorts_144,Shorts
Shorts_145,Shorts
Shorts_146,Shorts
Shorts_147,Shorts
Shorts_148,Shorts
Shorts_149,Shorts
Shorts_150,Shorts
Shorts_151,Shorts
Shorts_152,Shorts
Shorts_153,Shorts
Shorts_154,Shorts
Shorts_155,Shorts
Shorts_156,Shorts
Shorts_157,Shorts
Shorts_158,Shorts
Shorts_159,Shorts
Shorts_160,Shorts
Shorts_161,Shorts
Shorts_162,Shorts
Shorts_163,Shorts
Shorts_164,Shorts
Shorts_165,Shorts
Shorts_166,Shorts
Shorts_167,Shorts
Shorts_168,Shorts
Shorts_169,Shorts
Shorts_170,Shorts
Shorts_171,Shorts
Shorts_172,Shorts
Shorts_173,Shorts
Shorts_174,Shorts
Shorts_175,Shorts
Shorts_176,Shorts
Shorts_177,Shorts
Shorts_178,Shorts
Shorts_179,Shorts
Shorts_180,Shorts
Shorts_181,Shorts
Shorts_182,Shorts
Shorts_183,Shorts
Shorts_184,Shorts
Shorts_185,Shorts
Shorts_186,Shorts
Shorts_187,Shorts
Shorts_188,Shorts
Shorts_189,Shorts
Shorts_190,Shorts
Shorts_191,Shorts
Shorts_192,Shorts
Shorts_193,Shorts
Shorts_194,Shorts
Shorts_195,Shorts
Shorts_196,Shorts
Shorts_197,Shorts
Shorts_198,Shorts
Shorts_199,Shorts
Shorts_200,Shorts
Shorts_201,Shorts
Shorts_202,Shorts
Shorts_203,Shorts
Shorts_204,Shorts
Shorts_205,Shorts
Shorts_206,Shorts
Shorts_207,Shorts
Shorts_208,Shorts
Shorts_209,Shorts
Shorts_210,Shorts
Shorts_211,Shorts
Shorts_212,Shorts
Shorts_213,Shorts
Shorts_214,Shorts
Shorts_215,Shorts
Shorts_216,Shorts
Shorts_217,Shorts
Shorts_218,Shorts
Shorts_219,Shorts
Shorts_220,Shorts
Shorts_221,Shorts
Shorts_222,Shorts
Shorts_223,Shorts
Shorts_224,Shorts
Shorts_225,Shorts
Shorts_226,Shorts
Shorts_227,Shorts
Shorts_228,Shorts
Shorts_229,Shorts
Shorts_230,Shorts
Shorts_231,Shorts
Shorts_232,Shorts
Shorts_233,Shorts
Shorts_234,Shorts
Shorts_235,Shorts
Shorts_236,Shorts
Shorts_237,Shorts
Shorts_238,Shorts
Shorts_239,Shorts
Shorts_240,Shorts
Shorts_241,Shorts
Shorts_242,Shorts
Shorts_243,Shorts
Shorts_244,Shorts
Shorts_245,Shorts
Shorts_246,Shorts
Shorts_247,Shorts
Shorts_248,Shorts
Shorts_249,Shorts
Shorts_250,Shorts
Shorts_251,Shorts
Shorts_252,Shorts
Shorts_253,Shorts
Shorts_254,Shorts
Shorts_255,Shorts
Shorts_256,Shorts
Shorts_257,Shorts
Shorts_258,Shorts
Shorts_259,Shorts
Shorts_260,Shorts
Shorts_261,Shorts
Shorts_262,Shorts
Shorts_263,Shorts
Shorts_264,Shorts
Shorts_265,Shorts
Shorts_266,Shorts
Shorts_267,Shorts
Shorts_268,Shorts
Shorts_269,Shorts
Shorts_270,Shorts
Shorts_271,Shorts
Shorts_272,Shorts
Shorts_273,Shorts
Shorts_274,Shorts
Shorts_275,Shorts
Shorts_276,Shorts
Shorts_277,Shorts
Shorts_278,Shorts
Shorts_279,Shorts
Shorts_280,Shorts
Shorts_281,Shorts
Shorts_282,Shorts
Shorts_283,Shorts
Shorts_284,Shorts
Shorts_285,Shorts
Shorts_286,Shorts
Shorts_287,Shorts
Shorts_288,Shorts
Shorts_289,Shorts
Shorts_290,Shorts
Shorts_291,Shorts
Shorts_292,Shorts
Shorts_293,Shorts
Shorts_294,Shorts
Shorts_295,Shorts
Shorts_296,Shorts
Shorts_297,Shorts
Shorts_298,Shorts
Shorts_299,Shorts
Shorts_300,Shorts
Shorts_301,Shorts
Shorts_302,Shorts
Shorts_303,Shorts
Shorts_304,Shorts
Shorts_305,Shorts
Shorts_306,Shorts
Shorts_307,Shorts
Shorts_308,Shorts
Shorts_309,Shorts
Shorts_310,Shorts
Shorts_311,Shorts
Shorts_312,Shorts
Shorts_313,Shorts
Shorts_314,Shorts
Shorts_315,Shorts
Shorts_316,Shorts
Shorts_317,Shorts
Shorts_318,Shorts
Shorts_319,Shorts
Shorts_320,Shorts
Shorts_321,Shorts
Shorts_322,Shorts
Shorts_323,Shorts
Shorts_324,Shorts
Shorts_325,Shorts
Shorts_326,Shorts
Shorts_327,Shorts
Shorts_328,Shorts
Shorts_329,Shorts
Shorts_330,Shorts
Shorts_331,Shorts
Shorts_332,Shorts
Shorts_333,Shorts
Shorts_334,Shorts
Shorts_335,Shorts
Shorts_336,Shorts
Shorts_337,Shorts
Shorts_338,Shorts
Shorts_339,Shorts
Shorts_340,Shorts
Shorts_341,Shorts
Shorts_342,Shorts
Shorts_343,Shorts
Shorts_344,Shorts
Shorts_345,Shorts
Shorts_346,Shorts
Shorts_347,Shorts
Shorts_348,Shorts
Shorts_349,Shorts
Shorts_350,Shorts
Shorts_351,Shorts
Shorts_352,Shorts
Shorts_353,Shorts
Shorts_354,Shorts
Shorts_355,Shorts
Shorts_356,Shorts
Shorts_357,Shorts
Shorts_358,Shorts
Shorts_359,Shorts
Shorts_360,Shorts
Shorts_361,Shorts
Shorts_362,Shorts
Shorts_363,Shorts
Shorts_364,Shorts
Shorts_365,Shorts
Shorts_366,Shorts
Shorts_367,Shorts
Shorts_368,Shorts
Shorts_369,Shorts
Shorts_370,Shorts
Shorts_371,Shorts
Shorts_372,Shorts
Shorts_373,Shorts
Shorts_374,Shorts
Shorts_375,Shorts
Shorts_376,Shorts
Shorts_377,Shorts
Shorts_378,Shorts
Shorts_379,Shorts
Shorts_380,Shorts
Shorts_381,Shorts
Shorts_382,Shorts
Shorts_383,Shorts
Shorts_384,Shorts
Shorts_385,Shorts
Shorts_386,Shorts
Shorts_387,Shorts
Shorts_388,Shorts
Shorts_389,Shorts
Shorts_390,Shorts
Shorts_391,Shorts
Shorts_392,Shorts
Shorts_393,Shorts
Shorts_394,Shorts
Shorts_395,Shorts
Shorts_396,Shorts
Shorts_397,Shorts
Shorts_398,Shorts
Shorts_399,Shorts
Shorts_400,Shorts
Shorts_401,Shorts
Shorts_402,Shorts
Shorts_403,Shorts
Shorts_404,Shorts
Shorts_405,Shorts
Shorts_406,Shorts
Shorts_407,Shorts
Shorts_408,Shorts
Shorts_409,Shorts
Shorts_410,Shorts
Shorts_411,Shorts
Shorts_412,Shorts
Shorts_413,Shorts
Shorts_414,Shorts
Shorts_415,Shorts
Shorts_416,Shorts
Shorts_417,Shorts
Shorts_418,Shorts
Shorts_419,Shorts
Shorts_420,Shorts
Shorts_421,Shorts
Shorts_422,Shorts
Shorts_423,Shorts
Shorts_424,Shorts
Shorts_425,Shorts
Shorts_426,Shorts
Shorts_427,Shorts
Shorts_428,Shorts
Shorts_429,Shorts
Shorts_430,Shorts
Shorts_431,Shorts
Shorts_432,Shorts
Shorts_433,Shorts
Shorts_434,Shorts
Shorts_435,Shorts
Shorts_436,Shorts
Shorts_437,Shorts
Shorts_438,Shorts
Shorts_439,Shorts
Shorts_440,Shorts
Shorts_441,Shorts
Shorts_442,Shorts
Shorts_443,Shorts
